# timestamp tx ty tz qx qy qz qw
1788505283.626883030 -0.372687888 -0.283668944 1.434140550 -0.003115054 -0.004105242 0.999962248 0.006996116
1788505283.726866961 -0.368205506 -0.281415782 1.432007607 -0.003103952 -0.004125708 0.999954732 0.007992333
1788505283.826910019 -0.362002271 -0.282073959 1.430242858 -0.003095627 -0.004133015 0.999950962 0.008450349
1788505283.926872015 -0.364074762 -0.281854495 1.429248667 -0.003104024 -0.004136389 0.999952247 0.008292088
1788505284.026868105 -0.366585955 -0.281775611 1.428404756 -0.003106016 -0.004135470 0.999948953 0.008679934
1788505284.126876116 -0.371105338 -0.281108166 1.433596239 -0.003107294 -0.004138580 0.999954579 0.008003491
1788505284.226922035 -0.382249065 -0.282060680 1.435665260 -0.003099820 -0.004148325 0.999954567 0.008002927
1788505284.326968908 -0.378654465 -0.283822737 1.434609892 -0.003111391 -0.004136084 0.999958121 0.007547764
1788505284.426971912 -0.381084863 -0.284830058 1.439013866 -0.003117945 -0.004153318 0.999953082 0.008176877
1788505284.527061939 -0.372319130 -0.282067988 1.439889390 -0.003141071 -0.004154600 0.999958114 0.007526174
1788505284.627187967 -0.376923272 -0.285475363 1.437689870 -0.003132841 -0.004164415 0.999954664 0.007969495
1788505284.727083921 -0.374817457 -0.287224384 1.437936962 -0.003135953 -0.004171269 0.999959305 0.007358930
1788505284.827059984 -0.376699726 -0.287472528 1.436744234 -0.003146324 -0.004155343 0.999959426 0.007347075
1788505284.927053928 -0.373538672 -0.282285535 1.436554428 -0.003132348 -0.004160680 0.999960075 0.007261262
1788505285.027012110 -0.371329156 -0.284956859 1.435249966 -0.003130963 -0.004156168 0.999959829 0.007298203
1788505285.127031088 -0.371788378 -0.281050712 1.432014528 -0.003121372 -0.004175096 0.999958760 0.007436627
1788505285.226969957 -0.373096749 -0.280842834 1.430255505 -0.003122674 -0.004177998 0.999957294 0.007629178
1788505285.326967001 -0.371456240 -0.284311674 1.431264551 -0.003133628 -0.004189367 0.999956410 0.007733543
1788505285.427014112 -0.374707305 -0.283096896 1.429374454 -0.003130043 -0.004191521 0.999956598 0.007709500
1788505285.527009964 -0.374453500 -0.284505789 1.429141603 -0.003139867 -0.004199416 0.999958142 0.007497999
1788505285.627048969 -0.368747977 -0.282155006 1.427783233 -0.003130715 -0.004202225 0.999955521 0.007841904
1788505285.727056026 -0.372583996 -0.279156425 1.429119668 -0.003152582 -0.004195643 0.999959742 0.007278160
1788505285.827050924 -0.372849441 -0.275627909 1.426781944 -0.003136506 -0.004206106 0.999959132 0.007362494
1788505285.927057028 -0.374161358 -0.277659036 1.427570272 -0.003145104 -0.004197540 0.999960547 0.007168970
1788505286.027067900 -0.375510649 -0.281546879 1.428814077 -0.003136594 -0.004200639 0.999957974 0.007521024
1788505286.127003908 -0.371873528 -0.282852166 1.429440257 -0.003135660 -0.004208680 0.999958249 0.007480242
1788505286.226973057 -0.373794251 -0.283096576 1.430468711 -0.003140258 -0.004209994 0.999960208 0.007210882
1788505286.326963902 -0.374962544 -0.284457432 1.431737870 -0.003151898 -0.004215587 0.999958905 0.007381246
1788505286.427042007 -0.370469236 -0.282497747 1.430229084 -0.003150785 -0.004210075 0.999958844 0.007393136
1788505286.526994944 -0.372265220 -0.281564214 1.428085558 -0.003148326 -0.004210516 0.999960630 0.007148327
1788505286.627038002 -0.369533213 -0.283522881 1.427008044 -0.003148959 -0.004203277 0.999960464 0.007175455
1788505286.727026939 -0.369304709 -0.284159246 1.427214821 -0.003144436 -0.004195736 0.999960002 0.007245928
1788505286.827035904 -0.371761225 -0.284162757 1.429726488 -0.003157571 -0.004200191 0.999961111 0.007082665
1788505286.927021027 -0.375826977 -0.282530415 1.430140039 -0.003144908 -0.004211349 0.999960873 0.007115241
1788505287.026985884 -0.371817450 -0.280307994 1.429416229 -0.003147692 -0.004211994 0.999958355 0.007459202
1788505287.126956940 -0.374338735 -0.283225664 1.429962816 -0.003176624 -0.004198621 0.999961600 0.007005616
1788505287.226927996 -0.371006293 -0.282537056 1.430232408 -0.003156289 -0.004212912 0.999958933 0.007377090
1788505287.326920033 -0.376452651 -0.280388429 1.428430383 -0.003130654 -0.004213716 0.999961487 0.007033388
1788505287.426892042 -0.377699616 -0.280263447 1.427935464 -0.003146078 -0.004196412 0.999959961 0.007250442
1788505287.526978016 -0.374452223 -0.281134655 1.428787594 -0.003138959 -0.004204429 0.999959330 0.007335446
1788505287.626929998 -0.374638866 -0.280181230 1.430864554 -0.003149194 -0.004211442 0.999959525 0.007300350
1788505287.726929903 -0.370257966 -0.281752939 1.430772617 -0.003166644 -0.004208471 0.999961260 0.007052669
1788505287.826991081 -0.372543766 -0.281682245 1.429952086 -0.003149162 -0.004215999 0.999958375 0.007453617
1788505287.927012920 -0.370854733 -0.283295381 1.428566134 -0.003150832 -0.004206444 0.999959172 0.007350692
1788505288.027040005 -0.373328419 -0.280949559 1.427442576 -0.003146076 -0.004206624 0.999959939 0.007247493
1788505288.127069950 -0.374151309 -0.279214724 1.429369440 -0.003151886 -0.004196661 0.999960283 0.007203259
1788505288.227096081 -0.371025843 -0.283083273 1.434754290 -0.003142254 -0.004215609 0.999958066 0.007498025
1788505288.327085972 -0.372815064 -0.282986804 1.434893613 -0.003156401 -0.004210780 0.999959647 0.007280888
1788505288.427086115 -0.373465005 -0.282984469 1.436317664 -0.003165266 -0.004216697 0.999958697 0.007403007
1788505288.527054071 -0.371351540 -0.282760064 1.433273175 -0.003154887 -0.004208259 0.999958200 0.007479040
1788505288.626990080 -0.373900787 -0.285131115 1.435872456 -0.003164204 -0.004220139 0.999959964 0.007228309
1788505288.727019072 -0.371699792 -0.285820320 1.436512485 -0.003160697 -0.004224328 0.999960692 0.007125988
1788505288.827007055 -0.372331032 -0.281527343 1.435222723 -0.003156618 -0.004226833 0.999958896 0.007374071
1788505288.927000999 -0.374873179 -0.283226769 1.435799774 -0.003154670 -0.004230046 0.999961080 0.007070596
1788505289.026994944 -0.370612791 -0.283346009 1.434820233 -0.003156877 -0.004215523 0.999961114 0.007073471
1788505289.126997948 -0.372712080 -0.283024145 1.435426565 -0.003173158 -0.004225130 0.999959672 0.007261846
1788505289.227041006 -0.373336219 -0.281785450 1.435632666 -0.003168357 -0.004234941 0.999960725 0.007111688
1788505289.327020884 -0.372175665 -0.282728840 1.434214635 -0.003176912 -0.004223436 0.999960082 0.007204470
1788505289.426995993 -0.375414363 -0.284106979 1.433140441 -0.003176807 -0.004220597 0.999960295 0.007176603
1788505289.526928902 -0.372220269 -0.283717888 1.433383308 -0.003175012 -0.004227740 0.999958527 0.007415529
1788505289.626924038 -0.372968178 -0.283146248 1.432006314 -0.003163096 -0.004223449 0.999960666 0.007129084
1788505289.726857901 -0.372448299 -0.281599507 1.432386708 -0.003164455 -0.004222172 0.999957679 0.007536578
1788505289.826862097 -0.372378138 -0.282509284 1.432291693 -0.003177205 -0.004217825 0.999959488 0.007289494
1788505289.926853895 -0.372627338 -0.282852873 1.432350523 -0.003163598 -0.004224174 0.999958849 0.007378976
1788505290.026846886 -0.373614877 -0.281460667 1.432953489 -0.003169242 -0.004230123 0.999958181 0.007463090
1788505290.126913071 -0.373215299 -0.282894218 1.430889540 -0.003186028 -0.004213674 0.999958152 0.007469194
1788505290.226890087 -0.374052407 -0.280558128 1.429300441 -0.003162351 -0.004220720 0.999958629 0.007411145
1788505290.326932907 -0.372149808 -0.279691984 1.429125086 -0.003166603 -0.004218147 0.999957746 0.007529078
1788505290.426989079 -0.372945054 -0.280022783 1.430957792 -0.003170927 -0.004223520 0.999957816 0.007514877
1788505290.526988983 -0.372870109 -0.280289713 1.431964458 -0.003167048 -0.004223278 0.999960699 0.007122734
1788505290.626995087 -0.371961014 -0.278580102 1.429359165 -0.003187566 -0.004214463 0.999957766 0.007519607
1788505290.727024078 -0.374568747 -0.279757207 1.428482309 -0.003181783 -0.004212064 0.999960127 0.007202671
1788505290.827018976 -0.368449177 -0.281020023 1.429505794 -0.003162781 -0.004217364 0.999957742 0.007531539
1788505290.927010059 -0.369713416 -0.281319871 1.431034756 -0.003187589 -0.004215532 0.999958443 0.007428335
1788505291.026971102 -0.372570741 -0.280501778 1.433082392 -0.003181901 -0.004222224 0.999958555 0.007411950
1788505291.126935005 -0.374269664 -0.278310190 1.429677041 -0.003170572 -0.004229952 0.999959934 0.007223937
1788505291.226952076 -0.376117316 -0.279822315 1.429676669 -0.003186553 -0.004223745 0.999958168 0.007461158
1788505291.326910973 -0.378002437 -0.279686365 1.428409772 -0.003177936 -0.004229101 0.999960997 0.007072493
1788505291.426948071 -0.375246469 -0.282299624 1.426169990 -0.003185184 -0.004217543 0.999960833 0.007099295
1788505291.526971102 -0.372509319 -0.282514683 1.426794980 -0.003174165 -0.004223924 0.999963175 0.006762567
1788505291.626969099 -0.375577868 -0.279459723 1.426159735 -0.003181765 -0.004212147 0.999960982 0.007082919
1788505291.727005959 -0.371972894 -0.279355537 1.428043954 -0.003173628 -0.004226384 0.999960849 0.007096849
1788505291.826987982 -0.370704097 -0.280390105 1.427772496 -0.003176706 -0.004226309 0.999956982 0.007621042
1788505291.926950932 -0.377759882 -0.277844591 1.426755929 -0.003190381 -0.004214049 0.999956477 0.007688118
1788505292.026943922 -0.375724183 -0.278954771 1.425270821 -0.003170913 -0.004216447 0.999959130 0.007341993
1788505292.126908064 -0.375587004 -0.282080048 1.429135435 -0.003174887 -0.004224517 0.999955635 0.007797600
1788505292.226901054 -0.374215145 -0.279978248 1.428731497 -0.003187905 -0.004213178 0.999955402 0.007828178
1788505292.326931000 -0.373038197 -0.280611534 1.428327021 -0.003177658 -0.004215400 0.999956412 0.007701062
1788505292.426892996 -0.374807662 -0.279706374 1.428668775 -0.003179440 -0.004218018 0.999956156 0.007732172
1788505292.526957989 -0.373926470 -0.281900215 1.430212725 -0.003190163 -0.004216337 0.999954478 0.007942810
1788505292.626920938 -0.373110425 -0.281998968 1.428504587 -0.003181867 -0.004215786 0.999955195 0.007855564
1788505292.726943970 -0.372284340 -0.281191740 1.430068102 -0.003172869 -0.004224187 0.999954055 0.007998606
1788505292.826950073 -0.371445119 -0.282858948 1.429544086 -0.003174795 -0.004224247 0.999953069 0.008120169
1788505292.926949024 -0.369735145 -0.283749197 1.427621243 -0.003181454 -0.004218488 0.999954869 0.007895774
1788505293.026868105 -0.369953006 -0.280176022 1.428469083 -0.003195090 -0.004207043 0.999953191 0.008106012
1788505293.126914024 -0.372477629 -0.278804236 1.429952620 -0.003184471 -0.004214257 0.999952229 0.008224287
1788505293.226922989 -0.373532901 -0.279068855 1.430871546 -0.003181421 -0.004213078 0.999951572 0.008305586
1788505293.326893091 -0.373993726 -0.279689750 1.432283959 -0.003188919 -0.004215847 0.999949802 0.008511801
1788505293.426917076 -0.376456278 -0.281755874 1.431897615 -0.003194948 -0.004214639 0.999946830 0.008852523
1788505293.526916027 -0.377186351 -0.279739422 1.432097406 -0.003197297 -0.004215478 0.999950946 0.008373290
1788505293.626916885 -0.377195688 -0.279696887 1.432903483 -0.003182787 -0.004215349 0.999950726 0.008405140
1788505293.726902008 -0.377784187 -0.277670414 1.433620049 -0.003192307 -0.004220132 0.999952413 0.008195843
1788505293.826915026 -0.374196264 -0.280870710 1.434784457 -0.003189785 -0.004224701 0.999953976 0.008001451
1788505293.926887035 -0.376469229 -0.281919889 1.433839874 -0.003188498 -0.004222469 0.999954838 0.007894656
1788505294.026870966 -0.374446245 -0.281430627 1.434578461 -0.003188325 -0.004224075 0.999953671 0.008040379
1788505294.126775026 -0.376342380 -0.277702476 1.431925719 -0.003186551 -0.004227542 0.999953807 0.008022323
1788505294.226826906 -0.368727188 -0.276790125 1.428535881 -0.003194548 -0.004220972 0.999952408 0.008195110
1788505294.326787949 -0.369394439 -0.278122964 1.426601095 -0.003177901 -0.004222667 0.999951459 0.008315649
1788505294.426784992 -0.372618193 -0.276925439 1.426997007 -0.003188613 -0.004223904 0.999954515 0.007934701
1788505294.526804924 -0.373161877 -0.279285092 1.427645713 -0.003178352 -0.004216467 0.999952506 0.008191821
1788505294.626864910 -0.370770625 -0.279770273 1.429145715 -0.003175829 -0.004230024 0.999953186 0.008102217
1788505294.726866007 -0.372345928 -0.277786097 1.427617354 -0.003192313 -0.004232493 0.999951913 0.008250306
1788505294.826867104 -0.374537265 -0.276974497 1.425885779 -0.003177079 -0.004225042 0.999948742 0.008635314
1788505294.926843882 -0.368711207 -0.277443944 1.427698834 -0.003181662 -0.004226071 0.999950963 0.008371930
1788505295.026796103 -0.372911444 -0.279276801 1.429402155 -0.003192819 -0.004217195 0.999952749 0.008156086
1788505295.126805067 -0.369200213 -0.279609727 1.431112979 -0.003196428 -0.004230298 0.999950724 0.008392626
1788505295.226773977 -0.372273094 -0.279716318 1.432316700 -0.003189630 -0.004234985 0.999952169 0.008218875
1788505295.326754093 -0.374760050 -0.277341703 1.432401865 -0.003186339 -0.004243376 0.999952867 0.008130481
1788505295.426820040 -0.375742088 -0.278817807 1.431596941 -0.003191726 -0.004239629 0.999953132 0.008097653
1788505295.526757956 -0.379123095 -0.280013000 1.431284988 -0.003190917 -0.004239833 0.999953147 0.008096080
1788505295.626851082 -0.374092640 -0.278830236 1.429808274 -0.003197235 -0.004225995 0.999953195 0.008094812
1788505295.726857901 -0.369375893 -0.279843272 1.430327112 -0.003194412 -0.004223769 0.999954248 0.007965973
1788505295.826869011 -0.372417509 -0.280230226 1.430352481 -0.003189296 -0.004223193 0.999952295 0.008209767
1788505295.926886082 -0.370341807 -0.278838235 1.431195502 -0.003183899 -0.004232810 0.999954724 0.007905499
1788505296.026812077 -0.375382705 -0.279135516 1.433542377 -0.003193156 -0.004240092 0.999952311 0.008197657
1788505296.126777887 -0.375223872 -0.277914733 1.433365243 -0.003184904 -0.004235119 0.999951353 0.008319329
1788505296.226797104 -0.373149155 -0.277413687 1.433445607 -0.003191719 -0.004234714 0.999949537 0.008532484
1788505296.326773882 -0.373042338 -0.277757218 1.433267996 -0.003188087 -0.004230784 0.999952221 0.008215410
1788505296.426820993 -0.370467113 -0.279541226 1.434939758 -0.003180734 -0.004236033 0.999954289 0.007959852
1788505296.526854992 -0.368253963 -0.281823456 1.434613392 -0.003185987 -0.004235859 0.999953785 0.008020919
1788505296.626882076 -0.368438083 -0.279101711 1.435486856 -0.003201036 -0.004229911 0.999953804 0.008015700
1788505296.726900101 -0.372185453 -0.279677659 1.435820117 -0.003193480 -0.004248192 0.999955793 0.007756696
1788505296.827013016 -0.372430147 -0.279818443 1.434071172 -0.003177624 -0.004243289 0.999952852 0.008135831
1788505296.926928043 -0.369657903 -0.279713524 1.435684023 -0.003195899 -0.004244972 0.999953818 0.008008017
1788505297.026864052 -0.371744653 -0.279391350 1.434412370 -0.003180065 -0.004250281 0.999954316 0.007949137
1788505297.126869917 -0.371677305 -0.281352940 1.435770372 -0.003199782 -0.004235273 0.999953738 0.008021577
1788505297.226859093 -0.371594019 -0.281453216 1.436191195 -0.003193982 -0.004238390 0.999955492 0.007800531
1788505297.326886892 -0.374697554 -0.283298155 1.438342202 -0.003196022 -0.004238287 0.999955965 0.007738944
1788505297.426944017 -0.375657754 -0.283146403 1.440368729 -0.003187576 -0.004244925 0.999956513 0.007667616
1788505297.526952982 -0.373351984 -0.284251740 1.439586636 -0.003192412 -0.004239432 0.999957190 0.007579775
1788505297.626976013 -0.373004571 -0.287262270 1.440840008 -0.003195715 -0.004245705 0.999955536 0.007790156
1788505297.727015972 -0.370819730 -0.287516964 1.439892789 -0.003207248 -0.004238686 0.999952933 0.008116624
1788505297.827058077 -0.370353832 -0.286150246 1.440289239 -0.003199758 -0.004243467 0.999951941 0.008238392
1788505297.927095890 -0.369735163 -0.287278685 1.438789535 -0.003181255 -0.004255434 0.999954679 0.007899997
1788505298.027070999 -0.374715956 -0.285262586 1.438308876 -0.003190608 -0.004249816 0.999952813 0.008132041
1788505298.127078056 -0.371406644 -0.287293154 1.436903701 -0.003192995 -0.004242289 0.999952501 0.008173292
1788505298.227060080 -0.369916701 -0.289685122 1.436411391 -0.003179302 -0.004243739 0.999953620 0.008039964
1788505298.327112913 -0.369268353 -0.291789584 1.438348977 -0.003164729 -0.004251032 0.999952924 0.008127859
1788505298.427018881 -0.371471645 -0.293327578 1.439843662 -0.003190278 -0.004242685 0.999952485 0.008176156
1788505298.527012110 -0.369825544 -0.291860416 1.437837202 -0.003189748 -0.004235341 0.999954335 0.007950861
1788505298.627003908 -0.369434538 -0.291396393 1.439126940 -0.003185586 -0.004242962 0.999951194 0.008334225
1788505298.727019072 -0.371626965 -0.292197346 1.438995112 -0.003186013 -0.004241277 0.999952307 0.008200224
1788505298.827054024 -0.367734524 -0.296466809 1.438345245 -0.003197776 -0.004231551 0.999951755 0.008267809
1788505298.927119017 -0.369060950 -0.297448900 1.437528002 -0.003182490 -0.004235355 0.999954033 0.007991628
1788505299.027147055 -0.365176153 -0.299977353 1.439326918 -0.003189315 -0.004243146 0.999954266 0.007955452
1788505299.127197027 -0.364104748 -0.300478511 1.438344606 -0.003187393 -0.004237474 0.999953032 0.008112836
1788505299.227276087 -0.359236097 -0.300537643 1.435667675 -0.003188997 -0.004232105 0.999950999 0.008361819
1788505299.327317953 -0.362777084 -0.300794336 1.436686282 -0.003203039 -0.004229666 0.999952116 0.008222896
1788505299.427295923 -0.364401030 -0.304243525 1.434684972 -0.003203757 -0.004223932 0.999950883 0.008374073
1788505299.527264118 -0.363932223 -0.303587096 1.435084220 -0.003181361 -0.004234759 0.999949558 0.008533846
1788505299.627283096 -0.359839700 -0.304861392 1.435478104 -0.003186159 -0.004233151 0.999952102 0.008229364
1788505299.727268934 -0.361849691 -0.305384837 1.435489623 -0.003189977 -0.004229927 0.999952582 0.008170960
1788505299.827270031 -0.362667568 -0.306350505 1.435617585 -0.003193418 -0.004232323 0.999950363 0.008435654
1788505299.927254915 -0.366276444 -0.309173398 1.435875081 -0.003197482 -0.004229405 0.999952059 0.008232111
1788505300.027256012 -0.365306969 -0.313313733 1.436771667 -0.003200911 -0.004235725 0.999952762 0.008141663
1788505300.127223969 -0.361578354 -0.316478964 1.435866896 -0.003199297 -0.004245827 0.999953717 0.008018816
1788505300.227269888 -0.362915026 -0.320327417 1.431229633 -0.003197755 -0.004236646 0.999952337 0.008194443
1788505300.327255964 -0.360217441 -0.319879131 1.429757856 -0.003190957 -0.004237815 0.999949106 0.008581629
1788505300.427357912 -0.357989142 -0.317992423 1.429569887 -0.003202347 -0.004233703 0.999948448 0.008655767
1788505300.527316093 -0.357064266 -0.321130601 1.428213206 -0.003188274 -0.004235974 0.999950522 0.008416892
1788505300.627387047 -0.357844828 -0.324387809 1.430291019 -0.003190130 -0.004249659 0.999951787 0.008257584
1788505300.727442980 -0.354660395 -0.328065076 1.428937539 -0.003192682 -0.004245787 0.999953050 0.008104209
1788505300.827440977 -0.352496426 -0.328987074 1.429364141 -0.003190955 -0.004243694 0.999951571 0.008286446
1788505300.927494049 -0.352051174 -0.333148471 1.428313715 -0.003184367 -0.004244330 0.999953000 0.008114337
1788505301.027484894 -0.351774163 -0.334626927 1.426966969 -0.003191304 -0.004233144 0.999953717 0.008028753
1788505301.127450943 -0.351408757 -0.334366358 1.429253827 -0.003189368 -0.004237374 0.999952428 0.008186172
1788505301.227477074 -0.352669615 -0.337317489 1.430378348 -0.003188109 -0.004234390 0.999950602 0.008408333
1788505301.327481985 -0.353548269 -0.337522384 1.431923839 -0.003187705 -0.004239004 0.999951665 0.008278668
1788505301.427426100 -0.351283680 -0.344576747 1.433210267 -0.003190157 -0.004240719 0.999949118 0.008579041
1788505301.527404070 -0.348116786 -0.347310910 1.433410406 -0.003200550 -0.004237874 0.999951316 0.008316382
1788505301.627398014 -0.346707582 -0.348633862 1.434482001 -0.003208198 -0.004241611 0.999952360 0.008184960
1788505301.727412939 -0.345927634 -0.349644586 1.435572874 -0.003192721 -0.004254328 0.999951005 0.008348378
1788505301.827436924 -0.344691840 -0.355191182 1.431873165 -0.003212433 -0.004235653 0.999953980 0.007986042
1788505301.927505970 -0.341238024 -0.357952526 1.431646039 -0.003211976 -0.004226290 0.999952775 0.008140622
1788505302.027508020 -0.339343666 -0.361221396 1.434630054 -0.003201065 -0.004246644 0.999956456 0.007668412
1788505302.127552032 -0.345133366 -0.365231861 1.432282399 -0.003211355 -0.004241337 0.999958497 0.007396160
1788505302.227592945 -0.342137864 -0.367718271 1.430567624 -0.003205065 -0.004234270 0.999958101 0.007456196
1788505302.327649117 -0.340341815 -0.366595587 1.429827296 -0.003195618 -0.004241247 0.999954753 0.007892453
1788505302.427623034 -0.339949211 -0.369582319 1.430483699 -0.003215671 -0.004236458 0.999953012 0.008104703
1788505302.527653933 -0.339146322 -0.372521097 1.432175725 -0.003212780 -0.004247577 0.999954425 0.007923667
1788505302.627648115 -0.340315432 -0.375088756 1.429574618 -0.003214253 -0.004246538 0.999953276 0.008067284
1788505302.727685928 -0.339508181 -0.379114830 1.428698407 -0.003204025 -0.004240607 0.999952110 0.008217602
1788505302.827658892 -0.337398227 -0.382060398 1.428498670 -0.003193807 -0.004243176 0.999953626 0.008033678
1788505302.927656889 -0.338070790 -0.386032296 1.429404267 -0.003203428 -0.004244680 0.999955573 0.007782817
1788505303.027638912 -0.333432203 -0.389596465 1.429573981 -0.003208664 -0.004246749 0.999954105 0.007965996
1788505303.127687931 -0.334430642 -0.390654572 1.427551790 -0.003209535 -0.004238233 0.999953686 0.008022660
1788505303.227718115 -0.333280920 -0.394713168 1.427655560 -0.003194829 -0.004239988 0.999951875 0.008250043
1788505303.327721119 -0.331598571 -0.398859072 1.429308363 -0.003190736 -0.004246996 0.999951990 0.008234085
1788505303.427746058 -0.328590082 -0.401930245 1.429390938 -0.003199339 -0.004242315 0.999954878 0.007874625
1788505303.527837038 -0.325735009 -0.405191804 1.429234787 -0.003197417 -0.004248013 0.999953702 0.008020264
1788505303.627882004 -0.328514419 -0.407409797 1.428688928 -0.003203145 -0.004242942 0.999950691 0.008387647
1788505303.727900028 -0.326707679 -0.409511941 1.428223505 -0.003198277 -0.004238324 0.999952736 0.008144556
1788505303.827970028 -0.326486209 -0.413589051 1.427080476 -0.003206804 -0.004232702 0.999952708 0.008147490
1788505303.928049088 -0.323710364 -0.414874399 1.426646820 -0.003193829 -0.004238338 0.999955978 0.007738152
1788505304.028001070 -0.321575083 -0.422295156 1.428249961 -0.003195665 -0.004237777 0.999956722 0.007640901
1788505304.128055096 -0.322333589 -0.425948564 1.434042150 -0.003206516 -0.004246714 0.999954733 0.007887671
1788505304.228040934 -0.319126875 -0.428335721 1.435311608 -0.003205433 -0.004248241 0.999953644 0.008024154
1788505304.328069925 -0.321546855 -0.435678156 1.435260331 -0.003200819 -0.004246909 0.999952312 0.008191021
1788505304.428051949 -0.318725559 -0.438657744 1.433590847 -0.003203204 -0.004243744 0.999955647 0.007773893
1788505304.528050900 -0.315870038 -0.444167195 1.433043342 -0.003201366 -0.004231978 0.999952976 0.008117113
1788505304.628045082 -0.314183074 -0.445683517 1.433993369 -0.003197213 -0.004231516 0.999956559 0.007664990
1788505304.728086948 -0.312234353 -0.449721283 1.435684230 -0.003211762 -0.004228849 0.999956197 0.007707444
1788505304.828084946 -0.309996256 -0.453704792 1.436673382 -0.003217054 -0.004229758 0.999958251 0.007433415
1788505304.928045988 -0.309702488 -0.454009740 1.437069686 -0.003203744 -0.004235901 0.999954211 0.007960415
1788505305.028052092 -0.314069520 -0.458086474 1.436139130 -0.003205769 -0.004237609 0.999956191 0.007705902
1788505305.128042936 -0.312563981 -0.463221151 1.432145301 -0.003196682 -0.004235816 0.999956475 0.007673791
1788505305.228035927 -0.306971955 -0.466491201 1.431696933 -0.003191373 -0.004247312 0.999956391 0.007680625
1788505305.328043938 -0.310062674 -0.469838860 1.430733905 -0.003205488 -0.004233337 0.999955756 0.007764636
1788505305.428082943 -0.306591385 -0.474297319 1.428843236 -0.003204615 -0.004225245 0.999955237 0.007835877
1788505305.528105021 -0.303735792 -0.479505926 1.430154904 -0.003197626 -0.004236713 0.999951160 0.008336897
1788505305.628139019 -0.299820274 -0.483171092 1.430448567 -0.003205080 -0.004244340 0.999952221 0.008201811
1788505305.728221893 -0.298458890 -0.485179788 1.429112301 -0.003208709 -0.004243816 0.999947686 0.008736069
1788505305.828188896 -0.295361540 -0.489248445 1.427747001 -0.003207038 -0.004236385 0.999950148 0.008453983
1788505305.928191900 -0.293610806 -0.493122305 1.427817818 -0.003208892 -0.004229636 0.999950812 0.008377812
1788505306.028193951 -0.291813203 -0.497415338 1.427334267 -0.003205830 -0.004230616 0.999950984 0.008357841
1788505306.128196001 -0.296014370 -0.502291648 1.431093101 -0.003194232 -0.004235139 0.999950697 0.008394264
1788505306.228194952 -0.294423244 -0.509226620 1.432452336 -0.003192488 -0.004235501 0.999951074 0.008349786
1788505306.328185081 -0.292671765 -0.513482940 1.434917989 -0.003207207 -0.004233011 0.999952785 0.008137779
1788505306.428224087 -0.288232538 -0.515815063 1.435501479 -0.003206892 -0.004229828 0.999951236 0.008327701
1788505306.528239965 -0.283008802 -0.519708840 1.434342173 -0.003203093 -0.004232261 0.999952087 0.008225126
1788505306.628288984 -0.282332955 -0.524023746 1.434333356 -0.003210267 -0.004227115 0.999952009 0.008234403
1788505306.728301048 -0.284787684 -0.528382700 1.433967769 -0.003213016 -0.004224404 0.999952859 0.008130831
1788505306.828316927 -0.278409816 -0.533837656 1.437179877 -0.003206076 -0.004243376 0.999952997 0.008106670
1788505306.928289890 -0.276419370 -0.536715966 1.437916641 -0.003218384 -0.004244448 0.999948808 0.008602812
1788505307.028316975 -0.275530008 -0.542033745 1.435261266 -0.003222372 -0.004234837 0.999949916 0.008476347
1788505307.128355980 -0.277967180 -0.546195521 1.432967549 -0.003208487 -0.004239942 0.999952398 0.008181074
1788505307.228286028 -0.277466620 -0.550802228 1.430119451 -0.003216347 -0.004232546 0.999955726 0.007764478
1788505307.328304052 -0.276791422 -0.553926161 1.431197880 -0.003211122 -0.004230390 0.999953544 0.008043835
1788505307.428282976 -0.271539667 -0.560988251 1.431981427 -0.003223067 -0.004236385 0.999957594 0.007514980
1788505307.528364897 -0.270325663 -0.566437131 1.430949903 -0.003208452 -0.004232832 0.999955291 0.007823321
1788505307.628400087 -0.269227728 -0.569169340 1.431512382 -0.003228728 -0.004229279 0.999959839 0.007211693
1788505307.728421926 -0.270848319 -0.571350406 1.432639531 -0.003209892 -0.004236193 0.999956154 0.007709770
1788505307.828377962 -0.263977802 -0.578325474 1.434304930 -0.003234561 -0.004234383 0.999956618 0.007640013
1788505307.928405046 -0.259833389 -0.579174648 1.433303259 -0.003224629 -0.004235063 0.999954664 0.007895269
1788505308.028381109 -0.256342381 -0.585751784 1.431410477 -0.003235694 -0.004234400 0.999957548 0.007516790
1788505308.128392935 -0.259608056 -0.593762578 1.433381276 -0.003207231 -0.004240340 0.999953761 0.008013027
1788505308.228359938 -0.262626551 -0.600197060 1.433883813 -0.003218009 -0.004234098 0.999957108 0.007582767
1788505308.328376055 -0.261811998 -0.603674920 1.434906600 -0.003205517 -0.004244283 0.999954260 0.007949122
1788505308.428383112 -0.261046097 -0.609157524 1.435777792 -0.003210476 -0.004251804 0.999956952 0.007596700
1788505308.528424025 -0.258114539 -0.614302776 1.435047602 -0.003209772 -0.004247523 0.999957046 0.007587026
1788505308.628465891 -0.252517888 -0.618162369 1.437355869 -0.003198663 -0.004256711 0.999952754 0.008132561
1788505308.728478909 -0.249711309 -0.624023177 1.437042413 -0.003215263 -0.004249216 0.999956190 0.007695741
1788505308.828449011 -0.249695144 -0.625598898 1.436742700 -0.003217819 -0.004248838 0.999955954 0.007725492
1788505308.928438902 -0.247201204 -0.629846780 1.435323944 -0.003214572 -0.004243277 0.999955501 0.007788267
1788505309.028400898 -0.244803912 -0.636470175 1.435681317 -0.003218351 -0.004234651 0.999954334 0.007939771
1788505309.128365040 -0.241201385 -0.642303535 1.433483000 -0.003218264 -0.004239300 0.999955252 0.007820849
1788505309.228317976 -0.241622632 -0.647841689 1.433753568 -0.003211987 -0.004234751 0.999954213 0.007957506
1788505309.328332901 -0.240010379 -0.651173218 1.434234551 -0.003219978 -0.004239239 0.999952744 0.008134510
1788505309.428294897 -0.234984095 -0.654484511 1.433654234 -0.003210764 -0.004241445 0.999953216 0.008078755
1788505309.528312922 -0.232278740 -0.658440254 1.434660023 -0.003215610 -0.004245880 0.999952149 0.008205630
1788505309.628357887 -0.235325799 -0.665991741 1.433312836 -0.003215901 -0.004240344 0.999951896 0.008239120
1788505309.728367090 -0.237533297 -0.668220091 1.432196792 -0.003218735 -0.004234954 0.999954617 0.007903696
1788505309.828392982 -0.235893747 -0.672554909 1.433481003 -0.003209271 -0.004235725 0.999953072 0.008100243
1788505309.928407907 -0.233681941 -0.680674577 1.433396700 -0.003207602 -0.004237578 0.999954302 0.007946523
1788505310.028409004 -0.226291074 -0.683153754 1.435921170 -0.003212368 -0.004243533 0.999949438 0.008531924
1788505310.128475904 -0.227185459 -0.688623185 1.431761648 -0.003220778 -0.004243520 0.999950535 0.008399264
1788505310.228468895 -0.226490991 -0.693716028 1.430994318 -0.003211833 -0.004243677 0.999953120 0.008089043
1788505310.328444004 -0.225592238 -0.701184867 1.429947044 -0.003217337 -0.004240787 0.999952693 0.008141032
1788505310.428400040 -0.221326112 -0.703872809 1.430389407 -0.003219679 -0.004238489 0.999952006 0.008225290
1788505310.528362989 -0.218762106 -0.709597068 1.429401548 -0.003218823 -0.004236325 0.999951184 0.008325993
1788505310.628343105 -0.212087280 -0.713758244 1.429250499 -0.003226164 -0.004237902 0.999950870 0.008359946
1788505310.728291988 -0.215457754 -0.716941694 1.429715225 -0.003209119 -0.004240625 0.999952065 0.008221034
1788505310.828283072 -0.213013733 -0.722857298 1.428922030 -0.003214757 -0.004237323 0.999948486 0.008644994
1788505310.928304911 -0.210586924 -0.727762924 1.430273809 -0.003227064 -0.004236086 0.999951716 0.008258726
1788505311.028285980 -0.210705137 -0.733131612 1.430779292 -0.003214721 -0.004241904 0.999950073 0.008457189
1788505311.128299952 -0.209152052 -0.737234942 1.427391929 -0.003225874 -0.004240182 0.999952708 0.008136061
1788505311.228291988 -0.206867788 -0.740261208 1.425864419 -0.003216566 -0.004246260 0.999949391 0.008534491
1788505311.328299999 -0.201601583 -0.748236781 1.424789309 -0.003226935 -0.004243023 0.999950035 0.008456463
1788505311.428320885 -0.203063312 -0.752139130 1.424210329 -0.003223757 -0.004239165 0.999951227 0.008317510
1788505311.528337955 -0.205232821 -0.751034547 1.425528578 -0.003217671 -0.004255026 0.999951266 0.008307040
1788505311.628318071 -0.203788730 -0.753236186 1.423859808 -0.003234365 -0.004240527 0.999953819 0.007994845
1788505311.728279114 -0.208063597 -0.754429819 1.423806298 -0.003209112 -0.004248814 0.999951049 0.008339586
1788505311.828299999 -0.206014659 -0.753552818 1.422846208 -0.003221574 -0.004236317 0.999953367 0.008058430
1788505311.928225040 -0.206641957 -0.752724556 1.423757541 -0.003210776 -0.004245015 0.999950113 0.008452390
1788505312.028157949 -0.206283551 -0.753197025 1.423114240 -0.003212939 -0.004236753 0.999951817 0.008251745
1788505312.128115892 -0.206984366 -0.754656539 1.424811794 -0.003210318 -0.004244014 0.999950634 0.008391136
1788505312.228065014 -0.206046279 -0.758138000 1.424229213 -0.003211834 -0.004235681 0.999952194 0.008206894
1788505312.328053951 -0.200870891 -0.756750073 1.424524530 -0.003234331 -0.004233490 0.999953360 0.008055652
1788505312.428025961 -0.203300922 -0.755588267 1.426235999 -0.003219555 -0.004243154 0.999952653 0.008143882
1788505312.528038025 -0.203600531 -0.753403913 1.426380654 -0.003226069 -0.004240078 0.999949974 0.008465396
1788505312.627996922 -0.202896853 -0.750018772 1.426938201 -0.003238565 -0.004244775 0.999951672 0.008255143
1788505312.727982044 -0.205456229 -0.750571871 1.426625736 -0.003206933 -0.004255072 0.999950268 0.008430448
1788505312.827990055 -0.208978486 -0.749903791 1.427320470 -0.003222006 -0.004249817 0.999951598 0.008267979
1788505312.927944899 -0.208017437 -0.751092433 1.429562671 -0.003215793 -0.004262128 0.999951767 0.008243625
1788505313.027939081 -0.207753453 -0.751454591 1.428024400 -0.003232939 -0.004250048 0.999952320 0.008175723
1788505313.127943039 -0.206293328 -0.752156398 1.429030482 -0.003232084 -0.004257804 0.999952077 0.008201676
1788505313.227932930 -0.205905816 -0.750953618 1.429690416 -0.003235178 -0.004263740 0.999952492 0.008146595
1788505313.327930927 -0.207082369 -0.752421259 1.428100157 -0.003218717 -0.004259660 0.999952277 0.008181633
1788505313.427911997 -0.207982841 -0.752343864 1.428954256 -0.003232264 -0.004256197 0.999952479 0.008153371
1788505313.527890921 -0.206703991 -0.750688699 1.430435787 -0.003233323 -0.004261835 0.999952618 0.008132909
1788505313.627909899 -0.207685303 -0.749955534 1.429357400 -0.003248286 -0.004247772 0.999953129 0.008071191
1788505313.727891922 -0.205935891 -0.750995267 1.430846851 -0.003234409 -0.004266136 0.999951885 0.008219928
1788505313.827873945 -0.203872005 -0.749978979 1.431070176 -0.003235233 -0.004267269 0.999952096 0.008193307
1788505313.927875996 -0.206189408 -0.750571117 1.430613017 -0.003227450 -0.004265045 0.999951631 0.008253995
1788505314.027838945 -0.204845568 -0.750481536 1.430754591 -0.003248719 -0.004257333 0.999953208 0.008056276
1788505314.127854109 -0.203568477 -0.749987063 1.429277111 -0.003242728 -0.004250547 0.999953613 0.008011796
1788505314.227822065 -0.205314078 -0.749764672 1.427737091 -0.003236645 -0.004247995 0.999953373 0.008045487
1788505314.327788115 -0.202788004 -0.753210202 1.428285544 -0.003248153 -0.004245469 0.999951266 0.008300048
1788505314.427807093 -0.203043936 -0.751588120 1.431425778 -0.003252221 -0.004267202 0.999952714 0.008110723
1788505314.527798891 -0.205777532 -0.751036249 1.431765172 -0.003232206 -0.004270644 0.999951076 0.008316274
1788505314.627759933 -0.207233762 -0.749701903 1.432091493 -0.003235432 -0.004268584 0.999952212 0.008178265
1788505314.727760077 -0.208622694 -0.750446492 1.429831702 -0.003248017 -0.004255473 0.999952724 0.008117369
1788505314.827786922 -0.204233733 -0.752090366 1.430774695 -0.003242600 -0.004270381 0.999953118 0.008062980
1788505314.927731991 -0.205115764 -0.753163310 1.430715295 -0.003221399 -0.004274105 0.999951110 0.008314525
1788505315.027705908 -0.206130273 -0.752950693 1.431121748 -0.003259915 -0.004257398 0.999955786 0.007724830
1788505315.127700090 -0.206739084 -0.752404012 1.430956298 -0.003240976 -0.004269571 0.999953056 0.008071701
1788505315.227696896 -0.205665577 -0.751757567 1.431160762 -0.003246587 -0.004266711 0.999951601 0.008249240
1788505315.327681065 -0.208902244 -0.750592608 1.431933906 -0.003226805 -0.004278074 0.999950890 0.008336813
1788505315.427655935 -0.211560506 -0.750113633 1.429879436 -0.003229066 -0.004267068 0.999952954 0.008090440
1788505315.527640104 -0.208135501 -0.751705171 1.428579507 -0.003234454 -0.004262699 0.999953398 0.008035484
1788505315.627593994 -0.208855547 -0.751448529 1.429927215 -0.003231358 -0.004265503 0.999951254 0.008297806
1788505315.727591991 -0.210037013 -0.750911979 1.428167701 -0.003232207 -0.004260269 0.999954305 0.007924053
1788505315.827579975 -0.210649936 -0.751692001 1.428986196 -0.003235360 -0.004258606 0.999951885 0.008223364
1788505315.927541971 -0.210014391 -0.753029597 1.431802869 -0.003234454 -0.004272636 0.999953270 0.008046115
1788505316.027530909 -0.207841646 -0.753469461 1.431781401 -0.003259042 -0.004269198 0.999954142 0.007928846
1788505316.127492905 -0.206897815 -0.752335799 1.434129561 -0.003227380 -0.004293435 0.999948633 0.008595425
1788505316.227463961 -0.202992173 -0.751622958 1.431217917 -0.003245102 -0.004273318 0.999953344 0.008032344
1788505316.327462912 -0.205773960 -0.752649724 1.430405977 -0.003224772 -0.004272516 0.999949641 0.008488877
1788505316.427453995 -0.206225539 -0.751446115 1.427771358 -0.003232016 -0.004255802 0.999951563 0.008265209
1788505316.527411938 -0.206809018 -0.751392402 1.429464455 -0.003231585 -0.004265191 0.999951161 0.008309062
1788505316.627366066 -0.205737811 -0.750162175 1.427997247 -0.003238572 -0.004256227 0.999952259 0.008177814
1788505316.727312088 -0.206414284 -0.749881561 1.430000966 -0.003228990 -0.004271951 0.999949888 0.008458443
1788505316.827337980 -0.205017862 -0.749053762 1.428237081 -0.003250820 -0.004254491 0.999954626 0.007878893
1788505316.927261114 -0.207843521 -0.748460893 1.429720220 -0.003222387 -0.004273156 0.999951881 0.008221401
1788505317.027232885 -0.207946479 -0.749870725 1.429569279 -0.003245547 -0.004256952 0.999951631 0.008251070
1788505317.127197981 -0.209528263 -0.750063526 1.428245589 -0.003237341 -0.004254677 0.999952770 0.008116318
1788505317.227164030 -0.209477667 -0.751669148 1.429630236 -0.003225270 -0.004270499 0.999950483 0.008390049
1788505317.327136993 -0.204551816 -0.752208602 1.429703808 -0.003259319 -0.004256646 0.999951456 0.008267014
1788505317.427107096 -0.201501620 -0.751857515 1.428816970 -0.003269198 -0.004248210 0.999954059 0.007946363
1788505317.527039051 -0.204240973 -0.750983676 1.429454957 -0.003226467 -0.004270245 0.999950154 0.008428771
1788505317.627019882 -0.204365454 -0.750450433 1.429320459 -0.003255508 -0.004256574 0.999952611 0.008127650
1788505317.727006912 -0.205097546 -0.752085257 1.430187552 -0.003242515 -0.004269181 0.999950186 0.008419315
1788505317.827013016 -0.208339542 -0.753736512 1.429536752 -0.003252714 -0.004259385 0.999952702 0.008116103
1788505317.927028894 -0.209749389 -0.752332609 1.428912818 -0.003236305 -0.004262946 0.999950422 0.008396911
1788505318.027028084 -0.209414438 -0.752343290 1.429670176 -0.003248235 -0.004258279 0.999953501 0.008019512
1788505318.127083063 -0.209093743 -0.751993162 1.430404646 -0.003248482 -0.004268667 0.999950424 0.008389040
1788505318.227096081 -0.206628688 -0.753262641 1.431242589 -0.003256606 -0.004269649 0.999952217 0.008168764
1788505318.327136993 -0.206794756 -0.752217417 1.430058896 -0.003236235 -0.004267998 0.999952871 0.008097345
1788505318.427105904 -0.205693572 -0.751834747 1.429564580 -0.003249389 -0.004265279 0.999953164 0.008057182
1788505318.527134895 -0.207148471 -0.751708672 1.429439228 -0.003240311 -0.004261521 0.999951341 0.008285839
1788505318.627074957 -0.207887073 -0.752658810 1.428695920 -0.003236419 -0.004259991 0.999953637 0.008006391
1788505318.727070093 -0.208205632 -0.753049713 1.428022978 -0.003231973 -0.004255862 0.999951845 0.008231047
1788505318.827125072 -0.208471687 -0.754158207 1.427244162 -0.003245156 -0.004251754 0.999952491 0.008149117
1788505318.927131891 -0.208292700 -0.753115951 1.428451784 -0.003237229 -0.004259078 0.999951763 0.008237277
1788505319.027194977 -0.207493625 -0.754792018 1.428953171 -0.003257584 -0.004254639 0.999952479 0.008144046
1788505319.127226114 -0.207477291 -0.753582498 1.427929484 -0.003238895 -0.004253565 0.999950930 0.008339948
1788505319.227307081 -0.205967337 -0.752768459 1.428199436 -0.003245573 -0.004255394 0.999953556 0.008015277
1788505319.327275991 -0.207868462 -0.752816992 1.427258839 -0.003237067 -0.004255314 0.999951291 0.008296324
1788505319.427278042 -0.207830246 -0.749952325 1.430348375 -0.003236130 -0.004279215 0.999950287 0.008404727
1788505319.527218103 -0.209124843 -0.751561501 1.431287842 -0.003249335 -0.004268377 0.999953096 0.008064055
1788505319.627209902 -0.208775852 -0.751653851 1.430780920 -0.003247191 -0.004273029 0.999953461 0.008017092
1788505319.727171898 -0.205650117 -0.752362867 1.429260876 -0.003244167 -0.004260104 0.999952404 0.008155823
1788505319.827188015 -0.204913627 -0.752937881 1.429212301 -0.003248077 -0.004262099 0.999952916 0.008090103
1788505319.927184105 -0.203590326 -0.751300782 1.428929626 -0.003237421 -0.004261463 0.999951559 0.008260726
1788505320.027219057 -0.204382438 -0.752296199 1.428469889 -0.003249164 -0.004258510 0.999952059 0.008196785
1788505320.127224922 -0.205689705 -0.751793454 1.428667825 -0.003256965 -0.004255992 0.999952390 0.008154560
1788505320.227266073 -0.203248479 -0.751832650 1.427224437 -0.003248076 -0.004256642 0.999953024 0.008079703
1788505320.327295065 -0.202817166 -0.751756386 1.428204946 -0.003247422 -0.004262493 0.999951860 0.008219698
1788505320.427263975 -0.202242608 -0.751360285 1.427747822 -0.003251372 -0.004257250 0.999952354 0.008160534
1788505320.527266026 -0.205143434 -0.750508495 1.427882207 -0.003234300 -0.004265015 0.999952319 0.008167492
1788505320.627227068 -0.206338574 -0.752231333 1.428926208 -0.003250635 -0.004263542 0.999952281 0.008166454
1788505320.727248907 -0.207379167 -0.754591202 1.428855958 -0.003242531 -0.004264629 0.999954514 0.007891032
1788505320.827281952 -0.205322441 -0.755884493 1.427008347 -0.003241505 -0.004256257 0.999954012 0.007959302
1788505320.927267075 -0.204530380 -0.755556155 1.429260796 -0.003227816 -0.004271604 0.999951730 0.008238489
1788505321.027312994 -0.208282881 -0.755742424 1.428483937 -0.003244684 -0.004263129 0.999954375 0.007908591
1788505321.127381086 -0.209016802 -0.756495797 1.428613851 -0.003241471 -0.004265129 0.999952319 0.008164654
1788505321.227370977 -0.205826443 -0.755254785 1.428638239 -0.003249544 -0.004257111 0.999952413 0.008154033
1788505321.327414036 -0.207934305 -0.754080899 1.427357918 -0.003242238 -0.004258402 0.999953538 0.008017225
1788505321.427407026 -0.207445322 -0.752361354 1.429645418 -0.003238559 -0.004269591 0.999952750 0.008110481
1788505321.527416945 -0.209443969 -0.752399067 1.429227717 -0.003237467 -0.004264945 0.999952679 0.008122058
1788505321.627418995 -0.211071957 -0.753134670 1.427953032 -0.003234061 -0.004257827 0.999952452 0.008155079
1788505321.727438927 -0.211159068 -0.753191404 1.429001271 -0.003228722 -0.004271032 0.999953248 0.008052042
1788505321.827390909 -0.208785929 -0.753602743 1.427028770 -0.003241374 -0.004257226 0.999953789 0.007986825
1788505321.927406073 -0.203370341 -0.754396441 1.425846314 -0.003246828 -0.004253265 0.999954249 0.007928887
1788505322.027374029 -0.200235930 -0.751985928 1.427091900 -0.003243431 -0.004262303 0.999952135 0.008187795
1788505322.127403975 -0.202559526 -0.750621271 1.428628389 -0.003242482 -0.004270024 0.999951616 0.008247373
1788505322.227381945 -0.205029187 -0.752013106 1.429255290 -0.003243051 -0.004274243 0.999952905 0.008087054
1788505322.327435017 -0.204359690 -0.751261533 1.429876589 -0.003241846 -0.004273399 0.999951381 0.008274366
1788505322.427457094 -0.206271656 -0.753519415 1.428602603 -0.003239755 -0.004268448 0.999953392 0.008031133
1788505322.527540922 -0.207704854 -0.754497573 1.429168887 -0.003241288 -0.004274215 0.999950702 0.008355735
1788505322.627576113 -0.208944818 -0.753949800 1.430483094 -0.003251148 -0.004272773 0.999951385 0.008270547
1788505322.727617025 -0.205926626 -0.751882624 1.428280171 -0.003242670 -0.004269904 0.999952598 0.008127347
1788505322.827615023 -0.204534162 -0.749966802 1.429287320 -0.003240527 -0.004281135 0.999952940 0.008080184
1788505322.927664995 -0.206698078 -0.752289572 1.430257694 -0.003248361 -0.004274751 0.999950623 0.008362200
1788505323.027666092 -0.209519250 -0.750690851 1.428978983 -0.003248814 -0.004271800 0.999952728 0.008107958
1788505323.127655029 -0.208358933 -0.751702635 1.427749755 -0.003243346 -0.004263758 0.999951135 0.008308351
1788505323.227655888 -0.206621336 -0.752313806 1.426883325 -0.003242960 -0.004264183 0.999953250 0.008049665
1788505323.327681065 -0.206487872 -0.753682265 1.426560189 -0.003235980 -0.004261598 0.999951678 0.008246721
1788505323.427661896 -0.206410095 -0.754726305 1.426428522 -0.003243279 -0.004259570 0.999952433 0.008152897
1788505323.527656078 -0.207269863 -0.756033404 1.426791130 -0.003242370 -0.004255808 0.999952028 0.008204717
1788505323.627687931 -0.208661509 -0.755176243 1.426598851 -0.003233954 -0.004261389 0.999953064 0.008077812
1788505323.727673054 -0.206380670 -0.753970621 1.426374139 -0.003237967 -0.004256343 0.999951593 0.008258960
1788505323.827733040 -0.208520546 -0.754714170 1.428021593 -0.003240950 -0.004269504 0.999954373 0.007906902
1788505323.927782059 -0.209259264 -0.752546986 1.428714631 -0.003237005 -0.004274320 0.999951593 0.008250107
1788505324.027827024 -0.211840130 -0.750220047 1.429181801 -0.003237831 -0.004275613 0.999950211 0.008414944
1788505324.127863884 -0.211271293 -0.750801862 1.430432983 -0.003257777 -0.004277769 0.999952428 0.008138131
1788505324.227936029 -0.210105496 -0.752522767 1.430149521 -0.003253461 -0.004274185 0.999952799 0.008096073
1788505324.327971935 -0.210648110 -0.754109594 1.426873996 -0.003234053 -0.004263791 0.999952470 0.008149709
1788505324.427973032 -0.209156694 -0.752284039 1.426350860 -0.003240120 -0.004260006 0.999953241 0.008054139
1788505324.528033972 -0.206493875 -0.753064028 1.426661867 -0.003234162 -0.004266952 0.999951749 0.008236111
1788505324.628024101 -0.206204372 -0.753716454 1.427946536 -0.003245367 -0.004264541 0.999952591 0.008130038
1788505324.728043079 -0.206317610 -0.753550907 1.427852989 -0.003250016 -0.004263666 0.999952981 0.008080527
1788505324.828062057 -0.206326039 -0.753819126 1.427463811 -0.003245451 -0.004268036 0.999951248 0.008291669
1788505324.928060055 -0.207479686 -0.754157128 1.426995803 -0.003245086 -0.004263100 0.999953137 0.008063400
1788505325.028081894 -0.206967050 -0.754488289 1.428953751 -0.003234629 -0.004274936 0.999952066 0.008193206
1788505325.128084898 -0.208081101 -0.754685130 1.427886551 -0.003244178 -0.004261961 0.999953053 0.008074794
1788505325.228079081 -0.208238517 -0.756273301 1.427547892 -0.003230591 -0.004268530 0.999951895 0.008218973
1788505325.328087091 -0.208224603 -0.756272700 1.428342595 -0.003240032 -0.004271788 0.999952526 0.008136302
1788505325.428090096 -0.209885972 -0.756298120 1.428694490 -0.003241222 -0.004265023 0.999952791 0.008106808
1788505325.528054953 -0.212170653 -0.756245550 1.428061941 -0.003238389 -0.004264046 0.999952303 0.008168392
1788505325.628052950 -0.212098520 -0.754595173 1.429652488 -0.003244136 -0.004271904 0.999954238 0.007921400
1788505325.728054047 -0.212957268 -0.753886313 1.427480713 -0.003232194 -0.004267285 0.999953066 0.008075154
1788505325.828114033 -0.209300213 -0.755018995 1.429177748 -0.003249406 -0.004274216 0.999952257 0.008164287
1788505325.928107977 -0.207205293 -0.754904420 1.430389639 -0.003239326 -0.004280378 0.999950282 0.008403464
1788505326.028165102 -0.204293373 -0.756307273 1.429002991 -0.003259383 -0.004270522 0.999953691 0.007984664
1788505326.128217936 -0.204889814 -0.756246506 1.427850939 -0.003246868 -0.004269204 0.999950868 0.008336302
1788505326.228234053 -0.204022682 -0.754559292 1.426666005 -0.003241216 -0.004260771 0.999952368 0.008161041
1788505326.328265905 -0.205741530 -0.754035069 1.426814933 -0.003228595 -0.004268177 0.999950394 0.008400512
1788505326.428280115 -0.207102724 -0.752214177 1.427211889 -0.003251545 -0.004266752 0.999952923 0.008085424
1788505326.528285980 -0.208304627 -0.750160240 1.428701641 -0.003249808 -0.004273205 0.999951914 0.008206641
1788505326.628227949 -0.209115137 -0.751480874 1.431179719 -0.003252176 -0.004285345 0.999951310 0.008272631
1788505326.728203058 -0.211801163 -0.751694445 1.428884955 -0.003245462 -0.004269068 0.999952646 0.008120817
1788505326.828196049 -0.210307463 -0.752170341 1.427573975 -0.003250301 -0.004266310 0.999952988 0.008078144
1788505326.928145885 -0.209876631 -0.754182541 1.427148996 -0.003232075 -0.004267273 0.999952292 0.008170497
1788505327.028141975 -0.205441962 -0.753046714 1.425986178 -0.003250397 -0.004257519 0.999954156 0.007936851
1788505327.128104925 -0.208355241 -0.754194006 1.425624482 -0.003230795 -0.004259040 0.999950972 0.008335179
1788505327.228086948 -0.210708683 -0.754855267 1.425354573 -0.003232648 -0.004256315 0.999953648 0.008008467
1788505327.328104973 -0.209762851 -0.755414304 1.426223348 -0.003232128 -0.004260829 0.999951160 0.008311242
1788505327.428145885 -0.210324577 -0.755284122 1.428486515 -0.003242236 -0.004269821 0.999952146 0.008183082
1788505327.528132915 -0.210541030 -0.755048569 1.428063089 -0.003243141 -0.004267000 0.999951260 0.008291718
1788505327.628139019 -0.210322233 -0.756111631 1.427716359 -0.003244375 -0.004265758 0.999954485 0.007893375
1788505327.728147030 -0.211342372 -0.754779159 1.428737186 -0.003238440 -0.004266234 0.999952226 0.008176677
1788505327.828169107 -0.209123428 -0.752502936 1.427835803 -0.003251170 -0.004266446 0.999955387 0.007775102
1788505327.928138971 -0.206607438 -0.753670439 1.426263138 -0.003233688 -0.004262083 0.999951598 0.008257053
1788505328.028119087 -0.201770897 -0.753769960 1.427476880 -0.003251588 -0.004265333 0.999952808 0.008100355
1788505328.128087997 -0.206062856 -0.753932180 1.426535965 -0.003245554 -0.004259304 0.999951822 0.008226647
1788505328.228071928 -0.204737658 -0.753260163 1.425426884 -0.003241245 -0.004249744 0.999951610 0.008259029
1788505328.328088999 -0.208231981 -0.750214606 1.425579154 -0.003227193 -0.004263033 0.999951599 0.008259033
1788505328.428100109 -0.208238403 -0.750301565 1.427265767 -0.003242852 -0.004264337 0.999952739 0.008112950
1788505328.528072119 -0.203480814 -0.752936532 1.429286205 -0.003248636 -0.004274546 0.999953776 0.007976235
1788505328.628128052 -0.206104632 -0.753600188 1.429400840 -0.003230454 -0.004282508 0.999950321 0.008401160
1788505328.728121996 -0.203272466 -0.753145317 1.429217450 -0.003248235 -0.004278877 0.999952736 0.008103489
1788505328.828116894 -0.206128711 -0.753261466 1.428687792 -0.003249948 -0.004272088 0.999952226 0.008169004
1788505328.928098917 -0.206509085 -0.754551410 1.429229251 -0.003241831 -0.004279140 0.999952554 0.008128294
1788505329.028100967 -0.205799648 -0.754936645 1.429061183 -0.003246065 -0.004274972 0.999951907 0.008207958
1788505329.128035069 -0.203212792 -0.756268442 1.429102201 -0.003230956 -0.004282361 0.999950830 0.008340277
1788505329.228028059 -0.207753083 -0.756391395 1.429276384 -0.003237450 -0.004276453 0.999953620 0.007999236
1788505329.328007936 -0.206670434 -0.755580949 1.427755197 -0.003253663 -0.004261762 0.999954065 0.007944798
1788505329.428002119 -0.206311018 -0.754707518 1.428438859 -0.003240468 -0.004271328 0.999951274 0.008288778
1788505329.528059959 -0.205931271 -0.753439065 1.427670169 -0.003245211 -0.004268978 0.999951690 0.008237878
1788505329.628050089 -0.206090285 -0.755278548 1.427053379 -0.003250086 -0.004261866 0.999953534 0.008012701
1788505329.728086948 -0.209071563 -0.754990517 1.426733362 -0.003229365 -0.004263961 0.999951064 0.008322239
1788505329.828052998 -0.210019232 -0.752131812 1.427539419 -0.003255204 -0.004265790 0.999955166 0.007802137
1788505329.928049088 -0.212406086 -0.751636502 1.428028979 -0.003214262 -0.004258387 0.999951795 0.008242710
1788505330.028044939 -0.213557542 -0.751755262 1.430156901 -0.003350398 -0.004249952 0.999953002 0.008044078
1788505330.127991915 -0.211232771 -0.750294463 1.430304453 -0.003195091 -0.004265070 0.999953726 0.008009176
1788505330.228043079 -0.210255284 -0.749793407 1.430968073 -0.003562761 -0.004335347 0.999950530 0.008212764
1788505330.327995062 -0.207371763 -0.748641395 1.432735082 -0.002943840 -0.003781379 0.999950154 0.008759289
1788505330.427999973 -0.215268037 -0.749807384 1.437508474 -0.002929680 -0.005110214 0.999953248 0.007668438
1788505330.528053045 -0.219248232 -0.752629673 1.443585127 -0.002968501 -0.004082772 0.999938466 0.009878444
1788505330.628088951 -0.227958583 -0.756833001 1.446992175 -0.003389532 -0.004849768 0.999945666 0.008582248
1788505330.728097916 -0.238443435 -0.760069857 1.443566059 -0.003212147 -0.004401664 0.999950121 0.008370329
1788505330.828144073 -0.251372567 -0.759645219 1.438415196 -0.003390989 -0.004578768 0.999949535 0.008274305
1788505330.928212881 -0.270463941 -0.760636837 1.433084818 -0.003184886 -0.004306194 0.999952253 0.008173412
1788505331.028247118 -0.279882357 -0.756854311 1.432060958 -0.003007199 -0.004276224 0.999955054 0.007909470
1788505331.128257990 -0.289165615 -0.755959260 1.433015068 -0.003129374 -0.004298399 0.999957462 0.007536876
1788505331.228316069 -0.295336483 -0.755377659 1.433014139 -0.003439803 -0.004124495 0.999953904 0.007959080
1788505331.328299999 -0.302224515 -0.755365473 1.432621816 -0.003239701 -0.004362956 0.999957433 0.007456625
1788505331.428327084 -0.314050591 -0.754733911 1.433883432 -0.003246139 -0.004227011 0.999958734 0.007356923
1788505331.528333902 -0.319236256 -0.753498561 1.430823964 -0.003405018 -0.004049917 0.999958006 0.007482705
1788505331.628324032 -0.326035848 -0.751832483 1.428793469 -0.003232213 -0.004042570 0.999958535 0.007492524
1788505331.728291988 -0.334920732 -0.750787003 1.431152398 -0.002883127 -0.004297316 0.999955643 0.007869689
1788505331.828320026 -0.335418554 -0.749772316 1.437458550 -0.002871521 -0.004342695 0.999940356 0.009601058
1788505331.928270102 -0.339931537 -0.747529321 1.442679192 -0.003046931 -0.004372449 0.999953071 0.008090347
1788505332.028253078 -0.348349616 -0.746758633 1.446358772 -0.003287688 -0.004356720 0.999954215 0.007859888
1788505332.128201962 -0.355967291 -0.746345067 1.442962409 -0.003390207 -0.004363917 0.999952885 0.007980660
1788505332.228250027 -0.371010554 -0.748548388 1.437905001 -0.003227422 -0.004361834 0.999954450 0.007852193
1788505332.328195095 -0.382931355 -0.748278050 1.433681076 -0.003060355 -0.004302281 0.999953059 0.008124317
1788505332.428317070 -0.398821092 -0.749581509 1.435137394 -0.002976278 -0.004307700 0.999949816 0.008541080
1788505332.528286934 -0.408785329 -0.753111653 1.436507475 -0.003160462 -0.004284273 0.999944085 0.009136933
1788505332.628323078 -0.421476352 -0.755489528 1.437811668 -0.003243357 -0.004662038 0.999945246 0.008789205
1788505332.728353024 -0.438480421 -0.754256313 1.434227747 -0.003492157 -0.004253866 0.999941457 0.009316265
1788505332.828368902 -0.443893078 -0.761759764 1.429428164 -0.003148165 -0.004603799 0.999934810 0.009963398
1788505332.928354025 -0.461239442 -0.763118215 1.424637762 -0.003043165 -0.004225795 0.999938286 0.009813549
1788505333.028364897 -0.477461675 -0.767223202 1.425466914 -0.003190209 -0.004538622 0.999938904 0.009560953
1788505333.128345013 -0.507172692 -0.762945438 1.424638797 -0.003267730 -0.004330890 0.999937047 0.009821745
1788505333.228331089 -0.534499675 -0.767943836 1.429174351 -0.003304158 -0.004668196 0.999944078 0.008895611
1788505333.328273058 -0.567052375 -0.760737208 1.431550588 -0.003865010 -0.003325024 0.999957290 0.007708730
1788505333.428316116 -0.586348390 -0.752446027 1.429237713 -0.002758113 -0.004300545 0.999967860 0.006178682
1788505333.528337002 -0.587616959 -0.748603344 1.427327631 -0.002615957 -0.003812394 0.999956143 0.008144558
1788505333.628413916 -0.590967365 -0.749822214 1.432693923 -0.003005088 -0.004297418 0.999954051 0.008024762
1788505333.728468895 -0.589628944 -0.747657864 1.440364925 -0.002724799 -0.004452563 0.999950899 0.008423196
1788505333.828543901 -0.586537717 -0.745867577 1.449979806 -0.002802443 -0.004476202 0.999947311 0.008802577
1788505333.928579092 -0.591637757 -0.744540310 1.457879182 -0.002628101 -0.004631943 0.999948478 0.008641680
1788505334.028613091 -0.605506973 -0.745874972 1.455501460 -0.003369169 -0.004237277 0.999951881 0.008181116
1788505334.128652096 -0.622007341 -0.745277714 1.453213137 -0.002977703 -0.004299321 0.999951898 0.008297607
1788505334.228696108 -0.640728944 -0.746533863 1.452411802 -0.002564091 -0.004654214 0.999948834 0.008607700
1788505334.328744888 -0.662800654 -0.743537849 1.449934493 -0.003191270 -0.004360028 0.999941763 0.009342147
1788505334.428742886 -0.694596994 -0.744838790 1.443180948 -0.003240259 -0.004614384 0.999947611 0.008543002
1788505334.528738976 -0.707334150 -0.743346786 1.444220057 -0.002495484 -0.004399925 0.999947714 0.008887154
1788505334.628741980 -0.718002270 -0.741246566 1.443190474 -0.002577901 -0.004408563 0.999939569 0.009735357
1788505334.728765965 -0.731318233 -0.744721847 1.444076905 -0.003358356 -0.004441439 0.999937750 0.009669133
1788505334.828769922 -0.748986513 -0.743378147 1.443939005 -0.002642731 -0.004310892 0.999941938 0.009515906
1788505334.928719997 -0.755514178 -0.744117455 1.446092024 -0.002438298 -0.004432142 0.999942369 0.009469373
1788505335.028726101 -0.760895333 -0.743682813 1.447579150 -0.002810473 -0.004783579 0.999939386 0.009510132
1788505335.128710032 -0.776646116 -0.744967062 1.448773136 -0.002798778 -0.004441809 0.999940159 0.009597690
1788505335.228677988 -0.792825963 -0.745775268 1.445898580 -0.003027899 -0.004454999 0.999940498 0.009486095
1788505335.328746080 -0.811340784 -0.742025385 1.447777404 -0.002841813 -0.004453473 0.999938763 0.009724239
1788505335.428726912 -0.827039944 -0.740131578 1.451794924 -0.002628232 -0.004587673 0.999936593 0.009942652
1788505335.528749943 -0.846753861 -0.741978534 1.448878684 -0.002737857 -0.004527095 0.999936068 0.009993436
1788505335.628808975 -0.859530945 -0.738895909 1.451294277 -0.002839831 -0.004130815 0.999943327 0.009392219
1788505335.728797913 -0.871725804 -0.733987462 1.453846333 -0.002348026 -0.004460214 0.999931052 0.010605912
1788505335.828824043 -0.891769415 -0.734172779 1.449537003 -0.002953701 -0.004292031 0.999930897 0.010538282
1788505335.928800106 -0.917994642 -0.735824810 1.452087961 -0.002665015 -0.004454693 0.999934940 0.010157205
1788505336.028825045 -0.939180911 -0.731897548 1.451822334 -0.002360111 -0.004213796 0.999935829 0.010247556
1788505336.128779888 -0.951212738 -0.732781814 1.453109493 -0.002624587 -0.004722265 0.999926377 0.010865188
1788505336.228791952 -0.970434662 -0.734979222 1.452854701 -0.002353873 -0.004168832 0.999934573 0.010388915
1788505336.328783989 -0.988198128 -0.733267151 1.450366594 -0.002716472 -0.004191415 0.999931726 0.010563939
1788505336.428826094 -0.992062372 -0.732363371 1.452378834 -0.002084533 -0.004622763 0.999930608 0.010633180
1788505336.528872967 -1.001609980 -0.733555748 1.452435809 -0.002770955 -0.004314633 0.999929498 0.010710041
1788505336.628875971 -1.024698557 -0.739069044 1.452435176 -0.002616696 -0.004492990 0.999931902 0.010447840
1788505336.728952885 -1.042191822 -0.733819131 1.448885168 -0.001762237 -0.004578439 0.999926484 0.011088708
1788505336.828969002 -1.059721156 -0.733027460 1.452649596 -0.002726152 -0.004398735 0.999922477 0.011325147
1788505336.928917885 -1.084294818 -0.732574710 1.452250587 -0.002644019 -0.004673675 0.999923493 0.011143330
1788505337.028876066 -1.108048761 -0.734123581 1.448473003 -0.002780511 -0.003659545 0.999930373 0.010868543
1788505337.128895998 -1.128896856 -0.731976824 1.448993253 -0.002221399 -0.004734848 0.999924778 0.011094344
1788505337.228883982 -1.152879906 -0.727900078 1.444021344 -0.002563870 -0.004601912 0.999923539 0.011187701
1788505337.328907967 -1.174262209 -0.727559971 1.438582474 -0.002069395 -0.004263893 0.999926382 0.011169955
1788505337.428919077 -1.185088217 -0.723068236 1.441285714 -0.002195505 -0.004315548 0.999918294 0.011830486
1788505337.528945923 -1.202830332 -0.723283199 1.444050692 -0.002654516 -0.004988584 0.999911814 0.012017998
1788505337.628993034 -1.225246598 -0.725972947 1.443151438 -0.002779657 -0.004039997 0.999916134 0.011986514
1788505337.728967905 -1.237861650 -0.726814061 1.441744722 -0.002040632 -0.004983614 0.999903679 0.012791885
1788505337.828988075 -1.249454886 -0.724459472 1.439173844 -0.002706909 -0.004012893 0.999899375 0.013334542
1788505337.928993940 -1.274293370 -0.721631873 1.438253951 -0.002184480 -0.004958445 0.999900614 0.013015502
1788505338.029017925 -1.301922547 -0.715202226 1.434558171 -0.002133459 -0.003854681 0.999903306 0.013189724
1788505338.128985882 -1.311711807 -0.715622659 1.434372675 -0.001971465 -0.004730253 0.999897558 0.013364592
1788505338.228945017 -1.331783732 -0.718559776 1.431558524 -0.002745482 -0.003971755 0.999898131 0.013431882
1788505338.328922033 -1.357444773 -0.720212957 1.433740998 -0.002278449 -0.004800398 0.999894670 0.013506093
1788505338.429009914 -1.371404773 -0.722123120 1.434707950 -0.001780690 -0.003946704 0.999895891 0.013764409
1788505338.528955936 -1.389678901 -0.719259848 1.436377829 -0.002476258 -0.004633675 0.999889516 0.013905151
1788505338.628982067 -1.413785894 -0.717201443 1.436686194 -0.002376402 -0.004476415 0.999903298 0.012950243
1788505338.728976965 -1.405575929 -0.752735121 1.431329133 -0.002074030 -0.004075952 0.999885986 0.014390997
1788505338.828965902 -1.419487364 -0.750461233 1.432376330 -0.001864071 -0.004734737 0.999884517 0.014319942
1788505338.928953886 -1.439955608 -0.753880646 1.426750713 -0.002619707 -0.004273175 0.999882320 0.014499099
1788505339.028950930 -1.452686922 -0.758277741 1.426412945 -0.001902977 -0.004481748 0.999882588 0.014529357
1788505339.128901958 -1.461849713 -0.758290415 1.425401579 -0.001922736 -0.004552234 0.999880764 0.014630040
1788505339.228898048 -1.479155080 -0.758165847 1.425557066 -0.002396695 -0.004271646 0.999877824 0.014844073
1788505339.328919888 -1.500060660 -0.761768453 1.428205243 -0.001868225 -0.004738521 0.999873809 0.015047338
1788505339.428915024 -1.502812183 -0.765078436 1.425046402 -0.001675879 -0.004311767 0.999880732 0.014735025
1788505339.528922081 -1.507088005 -0.765367470 1.426777031 -0.001992857 -0.004448171 0.999871746 0.015255626
1788505339.628942013 -1.512082821 -0.766888500 1.430256120 -0.002061126 -0.004499836 0.999871012 0.015279487
1788505339.728952885 -1.531212113 -0.767949950 1.428744696 -0.002448372 -0.004534756 0.999874833 0.014958575
1788505339.829026937 -1.546643975 -0.764532996 1.419786866 -0.001764824 -0.004392762 0.999871651 0.015305897
1788505339.929013968 -1.562754217 -0.763369836 1.421010700 -0.001894445 -0.004567142 0.999874556 0.015047440
1788505340.029038906 -1.577980218 -0.766107954 1.421449196 -0.002370446 -0.004502942 0.999873965 0.015038542
1788505340.129100084 -1.613776633 -0.758683988 1.417391838 -0.001384184 -0.005259874 0.999872408 0.015019499
1788505340.229059935 -1.629771794 -0.755809462 1.419807220 -0.001815921 -0.003937116 0.999881525 0.014769488
1788505340.329094887 -1.648288136 -0.754908616 1.414528322 -0.001893714 -0.005205261 0.999875191 0.014795995
1788505340.429056883 -1.675762660 -0.752378932 1.412472108 -0.003076175 -0.003481255 0.999891358 0.013988918
1788505340.529064894 -1.699147864 -0.752911374 1.405931474 -0.001444202 -0.004230139 0.999884524 0.014524393
1788505340.629030943 -1.715557275 -0.752738422 1.407993656 -0.001540303 -0.004185721 0.999889641 0.014170820
1788505340.729054928 -1.725600277 -0.759555292 1.411709089 -0.002001483 -0.004693020 0.999887966 0.014072115
1788505340.828980923 -1.745146377 -0.761356696 1.410841516 -0.002336422 -0.004204800 0.999892593 0.013844270
1788505340.929064989 -1.765285363 -0.766683914 1.411554016 -0.001813246 -0.004473735 0.999891369 0.013926491
1788505341.029059887 -1.781670812 -0.768659178 1.415770291 -0.001674112 -0.004724654 0.999890504 0.013923200
1788505341.129044056 -1.799372077 -0.769183010 1.416135681 -0.002178649 -0.003958663 0.999903118 0.013165743
1788505341.229053020 -1.826355255 -0.764022762 1.413586142 -0.001583384 -0.004401870 0.999898062 0.013490108
1788505341.329082012 -1.841507766 -0.760797295 1.412988679 -0.001974863 -0.004388694 0.999892090 0.013879752
1788505341.429074049 -1.862272129 -0.755031099 1.415571993 -0.001623622 -0.004868875 0.999884407 0.014311918
1788505341.529067039 -1.869711932 -0.761032366 1.415351716 -0.002139384 -0.004013844 0.999901596 0.013270677
1788505341.629017115 -1.878488325 -0.759237671 1.414221318 -0.001547119 -0.004475736 0.999901482 0.013213663
1788505341.728991985 -1.888780847 -0.761093626 1.416333288 -0.001968342 -0.004549636 0.999895732 0.013562889
1788505341.829000950 -1.905148497 -0.762166467 1.417326944 -0.001719027 -0.004617686 0.999899640 0.013282801
1788505341.929023981 -1.924008157 -0.759964291 1.419819015 -0.001931530 -0.004389355 0.999912610 0.012319681
1788505342.028999090 -1.950840707 -0.759587299 1.418425127 -0.001953075 -0.004869883 0.999901932 0.012984424
1788505342.128983021 -1.963407160 -0.760246189 1.417612341 -0.001930122 -0.004192660 0.999906319 0.012886014
1788505342.229054928 -1.979771062 -0.762784522 1.419743993 -0.001572964 -0.004505566 0.999915786 0.012068373
1788505342.329015970 -1.999766069 -0.763675109 1.423007123 -0.001917227 -0.004755583 0.999907427 0.012603384
1788505342.429060936 -2.023976044 -0.764591842 1.419568240 -0.001777621 -0.004728434 0.999902529 0.013015948
1788505342.529093027 -2.041142861 -0.766682394 1.416990584 -0.001553100 -0.004427093 0.999908277 0.012705327
1788505342.629139900 -2.061110909 -0.766323766 1.417438183 -0.001888356 -0.004258997 0.999913987 0.012260209
1788505342.729144096 -2.079634083 -0.767244030 1.417272034 -0.001647052 -0.004183393 0.999914049 0.012315857
1788505342.829147100 -2.102013115 -0.766449250 1.418823534 -0.001505414 -0.004784095 0.999918107 0.011773945
1788505342.929097891 -2.127232072 -0.761803279 1.418661562 -0.001910832 -0.004088586 0.999904945 0.013028140
1788505343.029084921 -2.148725432 -0.756897944 1.416157108 -0.001778451 -0.004830561 0.999912153 0.012214333
1788505343.129086971 -2.163254349 -0.757367095 1.418795820 -0.001683858 -0.004122371 0.999916078 0.012165844
1788505343.229027033 -2.188304156 -0.751679780 1.416005169 -0.001853590 -0.004691798 0.999917389 0.011822314
1788505343.329052925 -2.209209008 -0.751445108 1.415925867 -0.001814635 -0.004170364 0.999913749 0.012321099
1788505343.429028988 -2.224074272 -0.749668806 1.416631315 -0.001401061 -0.004408592 0.999916815 0.012040158
1788505343.529057026 -2.233200300 -0.753064101 1.420057437 -0.001465357 -0.004836873 0.999913139 0.012172581
1788505343.629071951 -2.245717479 -0.752284054 1.417265539 -0.001764728 -0.004160652 0.999916235 0.012128385
1788505343.729103088 -2.267942435 -0.753105173 1.415260229 -0.002032905 -0.004725730 0.999919792 0.011573460
1788505343.829067945 -2.275713766 -0.749636697 1.409511966 -0.000807789 -0.004192829 0.999929515 0.011078519
1788505343.929061890 -2.277102280 -0.752405303 1.407102339 -0.001701032 -0.004511931 0.999918679 0.011806147
1788505344.029021978 -2.299266055 -0.752856331 1.406861079 -0.001979410 -0.004241566 0.999906721 0.012831249
1788505344.129005909 -2.321823169 -0.753083866 1.408763915 -0.001510705 -0.004298522 0.999916984 0.012052623
1788505344.229020119 -2.332234251 -0.746224646 1.409190989 -0.001437972 -0.003811314 0.999922201 0.011789758
1788505344.328995943 -2.354030359 -0.742140829 1.413369532 -0.002018487 -0.004381791 0.999897643 0.013469591
1788505344.428992033 -2.378644597 -0.741426053 1.417131565 -0.001532544 -0.004530454 0.999908707 0.012637401
1788505344.529030085 -2.395789205 -0.740955254 1.416357346 -0.001337892 -0.004525989 0.999913826 0.012250163
1788505344.629020929 -2.399587061 -0.740295884 1.420907981 -0.000923607 -0.004170735 0.999897984 0.013629862
1788505344.729094028 -2.412328356 -0.741018297 1.425756341 -0.001574986 -0.004865825 0.999887597 0.014093821
1788505344.829011917 -2.425061267 -0.743544274 1.424737863 -0.001972027 -0.004153767 0.999900084 0.013367129
1788505344.929028034 -2.432779661 -0.751025466 1.414106838 -0.000629231 -0.004820941 0.999900092 0.013272834
1788505345.028983116 -2.444742334 -0.747505596 1.411067428 -0.001606485 -0.004054529 0.999880547 0.014828091
1788505345.129014015 -2.460301098 -0.751317153 1.416542232 -0.001181678 -0.005139274 0.999888812 0.013948298
1788505345.228935003 -2.480396647 -0.750010722 1.417084889 -0.001840325 -0.003509143 0.999896446 0.013834639
1788505345.328950882 -2.487632461 -0.744478869 1.420251649 -0.001060112 -0.004265588 0.999900374 0.013413540
1788505345.428977966 -2.502305985 -0.734804784 1.422187534 -0.001705406 -0.004079587 0.999884772 0.014522101
1788505345.529011011 -2.525547315 -0.736207702 1.422511968 -0.001394486 -0.005132537 0.999895013 0.013478672
1788505345.628988981 -2.543291134 -0.733622407 1.420501500 -0.000899369 -0.004231819 0.999890777 0.014132146
1788505345.729013920 -2.556067693 -0.733474240 1.416084569 -0.001061157 -0.004441456 0.999882702 0.014619523
1788505345.828965902 -2.570580943 -0.734149439 1.421432424 -0.001233029 -0.004471469 0.999882169 0.014633332
1788505345.928971052 -2.591703414 -0.738798270 1.430149562 -0.001528307 -0.004616254 0.999885305 0.014343322
1788505346.028937101 -2.601099061 -0.741379425 1.426426017 -0.001056455 -0.004422049 0.999891148 0.014036460
1788505346.128922939 -2.607616605 -0.744862803 1.421815559 -0.001010549 -0.004205261 0.999892635 0.014000483
1788505346.228837013 -2.621394323 -0.744619320 1.426385748 -0.000980036 -0.004564527 0.999918840 0.011853996
1788505346.328742027 -2.629427209 -0.748687355 1.426901964 -0.001550129 -0.004265025 0.999934501 0.010507113
1788505346.428689003 -2.642188112 -0.755060137 1.422506248 -0.001264926 -0.004523785 0.999947022 0.009159037
1788505346.528647900 -2.666752376 -0.759948584 1.425469875 -0.001529571 -0.003667234 0.999955002 0.008614262
1788505346.628578901 -2.685192366 -0.759844557 1.421282067 -0.001181365 -0.004746584 0.999979718 0.004078917
1788505346.728528023 -2.696600433 -0.763164662 1.419318412 -0.001017953 -0.004464341 0.999989028 0.000988799
1788505346.828399897 -2.709542778 -0.768019626 1.421059298 -0.001827292 -0.004214031 0.999986636 -0.002372919
1788505346.928358078 -2.726480622 -0.769530599 1.424563989 -0.001605145 -0.004371766 0.999975251 -0.005273414
1788505347.028335094 -2.745525308 -0.766116331 1.420820973 -0.001858249 -0.004408501 0.999973686 -0.005453372
1788505347.128381014 -2.761138069 -0.760027983 1.420225251 -0.001315007 -0.004646606 0.999973019 -0.005535436
1788505347.228384018 -2.771965405 -0.758620299 1.424912134 -0.001497867 -0.004305741 0.999970017 -0.006259535
1788505347.328434944 -2.778237788 -0.764380508 1.426590997 -0.001639519 -0.004506683 0.999958308 -0.007770691
1788505347.428415060 -2.802515867 -0.765989381 1.427128796 -0.002170566 -0.004219855 0.999954363 -0.008291749
1788505347.528512001 -2.824801351 -0.769907076 1.423032699 -0.001155026 -0.004525034 0.999953875 -0.008392705
1788505347.628483057 -2.838919770 -0.775302608 1.421783609 -0.001828425 -0.004046653 0.999941577 -0.009855154
1788505347.728529930 -2.859931777 -0.775839215 1.421666616 -0.001673051 -0.004504808 0.999925509 -0.011219818
1788505347.828459024 -2.883603277 -0.769558594 1.418327060 -0.001847928 -0.003902238 0.999921381 -0.011772387
1788505347.928488970 -2.898787640 -0.766634589 1.407746189 -0.001430646 -0.004529797 0.999913373 -0.012275244
1788505348.028415918 -2.914210686 -0.763667084 1.404374813 -0.001649536 -0.004103943 0.999905326 -0.013029805
1788505348.128431082 -2.926504103 -0.764255610 1.405756475 -0.001487278 -0.004066765 0.999898530 -0.013571263
1788505348.228364944 -2.940841038 -0.765149648 1.409550846 -0.001903720 -0.004396042 0.999893265 -0.013802531
1788505348.328391075 -2.953410463 -0.764381406 1.408868878 -0.001005504 -0.004549805 0.999886170 -0.014350457
1788505348.428402901 -2.964129562 -0.768103542 1.414757703 -0.001509494 -0.004571430 0.999886830 -0.014253115
1788505348.528414965 -2.986616258 -0.774684126 1.419524394 -0.002141190 -0.004665667 0.999872450 -0.015123841
1788505348.628463984 -3.003367953 -0.780534873 1.415390255 -0.001516674 -0.004198813 0.999876666 -0.015057298
1788505348.728467941 -3.015137550 -0.779558298 1.416797951 -0.001276874 -0.004545807 0.999865469 -0.015708276
1788505348.828453064 -3.022606386 -0.776713942 1.416148066 -0.001763704 -0.003741477 0.999850406 -0.016794547
1788505348.928390026 -3.035881912 -0.778674626 1.420420191 -0.001944148 -0.004660369 0.999824707 -0.018029297
1788505349.028395891 -3.057970345 -0.781388614 1.418568617 -0.001444463 -0.004345777 0.999820380 -0.018391206
1788505349.128407001 -3.075221858 -0.779953130 1.418669034 -0.001402028 -0.004331293 0.999834161 -0.017633039
1788505349.228374958 -3.087030997 -0.782398418 1.419063783 -0.001794010 -0.003877162 0.999821733 -0.018391622
1788505349.328391075 -3.119568513 -0.781249027 1.417408458 -0.001965297 -0.004771464 0.999798367 -0.019406083
1788505349.428399086 -3.144136145 -0.779623325 1.413352742 -0.001636082 -0.003898089 0.999810627 -0.018995741
1788505349.528445005 -3.165654843 -0.778154071 1.409970970 -0.001523532 -0.004026074 0.999793627 -0.019853807
1788505349.628439903 -3.187875193 -0.781418557 1.410965261 -0.001769847 -0.004582542 0.999785712 -0.020109635
1788505349.728507042 -3.208896877 -0.788304386 1.405678571 -0.001482900 -0.004428434 0.999781253 -0.020387180
1788505349.828501940 -3.221996011 -0.790283672 1.405180051 -0.001269192 -0.004286107 0.999784565 -0.020269255
1788505349.928500891 -3.229518498 -0.792591298 1.406990733 -0.001364790 -0.004246490 0.999769440 -0.021004097
1788505350.028439999 -3.240011555 -0.790123516 1.411440140 -0.001600594 -0.004409811 0.999748603 -0.021925393
1788505350.128487110 -3.263236739 -0.789230979 1.416947732 -0.001679485 -0.004716119 0.999752996 -0.021653755
1788505350.228445053 -3.271298824 -0.789461048 1.413542447 -0.001514358 -0.003902553 0.999751175 -0.021910362
1788505350.328464985 -3.274555147 -0.792006091 1.410546294 -0.001516834 -0.004316649 0.999717555 -0.023321137
1788505350.428455114 -3.292806315 -0.793700449 1.410839513 -0.001740406 -0.004050107 0.999701341 -0.024037395
1788505350.528520107 -3.309248800 -0.796272594 1.402717172 -0.001387074 -0.004359682 0.999695561 -0.024245691
1788505350.628572941 -3.332154937 -0.799161339 1.403066955 -0.001384343 -0.004596042 0.999715349 -0.023370519
1788505350.728629112 -3.357976570 -0.804774254 1.403756865 -0.001846325 -0.004004575 0.999692437 -0.024404614
1788505350.828604937 -3.377004419 -0.806102368 1.401469999 -0.001264122 -0.004198726 0.999695231 -0.024294403
1788505350.928623915 -3.399226657 -0.805002752 1.405471661 -0.001446561 -0.004547903 0.999704035 -0.023855094
1788505351.028614998 -3.413751235 -0.804602467 1.405672176 -0.001185929 -0.004599982 0.999682743 -0.024735555
1788505351.128546000 -3.425858407 -0.804773999 1.408209049 -0.001678319 -0.004314898 0.999633685 -0.026665729
1788505351.228533983 -3.443920679 -0.803228775 1.413137670 -0.001609590 -0.004530451 0.999629185 -0.026802566
1788505351.328566074 -3.464989816 -0.804578562 1.410212738 -0.001192047 -0.004433453 0.999634835 -0.026629309
1788505351.428523064 -3.476683014 -0.808579441 1.401557723 -0.001222055 -0.004251622 0.999616461 -0.027337894
1788505351.528501987 -3.496105228 -0.808108086 1.407527148 -0.001757632 -0.004520269 0.999611299 -0.027454116
1788505351.628473997 -3.517050501 -0.809002056 1.403176639 -0.001280010 -0.003412374 0.999615092 -0.027502473
1788505351.728482962 -3.531621174 -0.805280412 1.399635628 -0.001084767 -0.004496145 0.999606673 -0.027660574
1788505351.828461885 -3.542739657 -0.809122090 1.400441350 -0.001612564 -0.003895763 0.999568144 -0.029081742
1788505351.928505898 -3.566925012 -0.812079920 1.408256955 -0.001774987 -0.005026288 0.999575649 -0.028637538
1788505352.028529882 -3.589130961 -0.811542664 1.407791158 -0.001050450 -0.004168694 0.999598847 -0.027993979
1788505352.128549099 -3.611884385 -0.817882688 1.412184211 -0.001689033 -0.004343967 0.999587144 -0.028351713
1788505352.228559971 -3.634673972 -0.821486989 1.409488775 -0.001368980 -0.004483130 0.999566725 -0.029058394
1788505352.328609943 -3.651201318 -0.821418950 1.398954471 -0.001293720 -0.003873225 0.999583788 -0.028558274
1788505352.428611040 -3.668843392 -0.820201568 1.396916350 -0.001669354 -0.004162517 0.999587729 -0.028359471
1788505352.528601885 -3.687174194 -0.823230548 1.402527475 -0.001285361 -0.004513926 0.999580723 -0.028571845
1788505352.628552914 -3.713466554 -0.826380085 1.401872026 -0.001345875 -0.003962730 0.999582883 -0.028575251
1788505352.728517056 -3.733847435 -0.830595320 1.403190307 -0.001748178 -0.003967492 0.999594351 -0.028148472
1788505352.828547955 -3.755154890 -0.830476544 1.406191374 -0.000881685 -0.004575671 0.999592506 -0.028162158
1788505352.928508997 -3.766395385 -0.831883192 1.409023717 -0.000891081 -0.004151362 0.999572402 -0.028930702
1788505353.028428078 -3.772683895 -0.830352602 1.400595911 -0.000984470 -0.004552803 0.999583925 -0.028465417
1788505353.128429890 -3.786908010 -0.835542800 1.398717465 -0.001162638 -0.004454792 0.999579465 -0.028630325
1788505353.228363037 -3.804499775 -0.840082049 1.398142991 -0.001423234 -0.004414283 0.999564814 -0.029131973
1788505353.328430891 -3.826792167 -0.837544046 1.390524410 -0.001169717 -0.003696008 0.999578266 -0.028779520
1788505353.428428888 -3.855701103 -0.838548269 1.396607691 -0.001224669 -0.004362250 0.999596568 -0.028038764
1788505353.528415918 -3.883263615 -0.832459141 1.401284541 -0.001413444 -0.003875376 0.999596425 -0.028106431
1788505353.628451109 -3.910138367 -0.828920597 1.399945798 -0.001686824 -0.004294863 0.999616975 -0.027287576
1788505353.728483915 -3.934216076 -0.830612394 1.400466049 -0.000917148 -0.004335834 0.999610538 -0.027552355
1788505353.828455925 -3.964943382 -0.829772793 1.401194996 -0.001016214 -0.004187583 0.999615509 -0.027390994
1788505353.928505898 -3.982940865 -0.828392477 1.406764421 -0.001106820 -0.004186087 0.999623643 -0.027089171
1788505354.028392076 -4.005932673 -0.830621174 1.402454295 -0.000761198 -0.004817111 0.999611436 -0.027444365
1788505354.128391981 -4.021285185 -0.823320023 1.393334488 -0.000471744 -0.003774311 0.999633411 -0.026806274
1788505354.228380919 -4.046740815 -0.828528472 1.396472116 -0.001435935 -0.003958350 0.999649016 -0.026155566
1788505354.328363895 -4.066395615 -0.832908334 1.399882941 -0.000010693 -0.004887492 0.999621721 -0.027065237
1788505354.428369045 -4.084881426 -0.826218231 1.393417047 -0.000857795 -0.002907361 0.999655672 -0.026064316
1788505354.528404951 -4.101251389 -0.830574115 1.389192224 -0.001023990 -0.004634442 0.999648578 -0.026080529
1788505354.628387928 -4.121310729 -0.839600595 1.390250307 -0.001082647 -0.003469416 0.999635533 -0.026750546
1788505354.728430986 -4.130984990 -0.839518975 1.387734592 -0.001274061 -0.004078568 0.999646041 -0.026258994
1788505354.828382015 -4.148003923 -0.843140493 1.392492448 -0.000432933 -0.004633332 0.999644659 -0.026246905
1788505354.928325891 -4.168954559 -0.841297847 1.396816926 -0.000976148 -0.003842410 0.999640013 -0.026535403
1788505355.028326035 -4.179474948 -0.841518627 1.397063705 -0.000999356 -0.003609053 0.999651400 -0.026135318
1788505355.128308058 -4.201074617 -0.844327704 1.402447539 -0.000211712 -0.005384552 0.999658673 -0.025563641
1788505355.228208065 -4.225042156 -0.849629433 1.403230437 -0.000888884 -0.003750133 0.999648832 -0.026217542
1788505355.328233957 -4.239546541 -0.839693920 1.393187136 -0.000777665 -0.003807388 0.999675551 -0.025173231
1788505355.428204060 -4.260965694 -0.842423486 1.397439246 -0.000568710 -0.004368139 0.999671240 -0.025258808
1788505355.528219938 -4.277940158 -0.839910093 1.403065186 -0.000271296 -0.004048610 0.999663786 -0.025609575
1788505355.628215075 -4.296529574 -0.844061879 1.399044235 -0.000919964 -0.004278806 0.999669395 -0.025336657
1788505355.728286028 -4.312546503 -0.850604363 1.401301944 -0.000090312 -0.004643661 0.999663862 -0.025506691
1788505355.828236103 -4.328822726 -0.853766429 1.403485341 -0.000713486 -0.003932696 0.999657923 -0.025846897
1788505355.928258896 -4.349104543 -0.856274857 1.396547252 -0.000906976 -0.004294902 0.999674358 -0.025137808
1788505356.028270006 -4.380665652 -0.860488770 1.398976716 -0.000503458 -0.004529599 0.999648957 -0.026099664
1788505356.128292084 -4.407390176 -0.863650829 1.398505519 -0.000306254 -0.003760844 0.999663679 -0.025657176
1788505356.228295088 -4.424307009 -0.863647645 1.391031362 -0.000866816 -0.004252076 0.999665076 -0.025512818
1788505356.328269005 -4.437719934 -0.865354613 1.391249041 -0.000256208 -0.004462145 0.999649415 -0.026097316
1788505356.428220987 -4.455430876 -0.864879107 1.393381123 -0.000734197 -0.003723931 0.999640840 -0.026528937
1788505356.528249025 -4.473001752 -0.865605328 1.394345648 -0.000664562 -0.004684609 0.999659543 -0.025659531
1788505356.628213882 -4.489118138 -0.865548708 1.395028687 -0.000709945 -0.003881022 0.999651330 -0.026108487
1788505356.728173018 -4.503297690 -0.864680363 1.397833775 -0.000516803 -0.004344857 0.999636471 -0.026604162
1788505356.828150034 -4.523092822 -0.862401984 1.392078298 -0.000559980 -0.003729864 0.999659156 -0.025833056
1788505356.928148985 -4.545387036 -0.864654932 1.394791262 -0.000805837 -0.004225738 0.999646253 -0.026246177
1788505357.028155088 -4.568135367 -0.862473344 1.391611176 -0.000450689 -0.004568797 0.999639456 -0.026455268
1788505357.128175020 -4.594274946 -0.867649846 1.392559247 -0.000578393 -0.003667313 0.999651541 -0.026134504
1788505357.228193998 -4.611824115 -0.868529725 1.394024898 -0.000456258 -0.004819896 0.999661909 -0.025546594
1788505357.328202963 -4.631920791 -0.869602301 1.392468332 -0.000507118 -0.003930875 0.999656457 -0.025908662
1788505357.428189039 -4.650703327 -0.870464373 1.389323382 -0.000448950 -0.004163524 0.999644345 -0.026337164
1788505357.528244019 -4.671091478 -0.873040762 1.388073805 -0.000702225 -0.003852072 0.999656367 -0.025919402
1788505357.628206015 -4.683963137 -0.881113624 1.387183927 -0.000436588 -0.004427419 0.999623410 -0.027078499
1788505357.728275061 -4.711736340 -0.886659074 1.383734983 -0.000537993 -0.003914581 0.999618546 -0.027334023
1788505357.828248978 -4.731681437 -0.890976059 1.383807647 -0.000380608 -0.004123600 0.999652617 -0.026028755
1788505357.928237915 -4.752293552 -0.892128117 1.390433547 -0.000540633 -0.003878574 0.999630549 -0.026896641
1788505358.028171062 -4.772311204 -0.896169186 1.389450156 -0.000583996 -0.004595620 0.999603241 -0.027783093
1788505358.128180027 -4.796901036 -0.894455011 1.394376563 -0.000286870 -0.003635346 0.999632795 -0.026851010
1788505358.228144884 -4.813785636 -0.893758818 1.392293360 -0.000464991 -0.004321100 0.999609184 -0.027615057
1788505358.328144073 -4.826647217 -0.887811351 1.392005423 -0.000564575 -0.003865793 0.999635036 -0.026730736
1788505358.428170919 -4.847731590 -0.887724349 1.392636227 -0.000225905 -0.003989868 0.999642783 -0.026426071
1788505358.528117895 -4.863719513 -0.890260806 1.388528013 -0.000384324 -0.004544684 0.999641470 -0.026384286
1788505358.628153086 -4.885915230 -0.894310961 1.389083530 -0.000424840 -0.003934969 0.999629530 -0.026928407
1788505358.728137970 -4.912812410 -0.894302719 1.386117766 -0.000091682 -0.004214543 0.999627786 -0.026954006
1788505358.828160048 -4.935601837 -0.895936821 1.388212137 -0.000225651 -0.004256847 0.999629943 -0.026866432
1788505358.928091049 -4.959199227 -0.901553380 1.395690889 -0.000665508 -0.004440952 0.999607645 -0.027647619
1788505359.028024912 -4.977343292 -0.899943261 1.391894744 -0.000156607 -0.004145224 0.999587309 -0.028425401
1788505359.127962112 -4.993678206 -0.900700619 1.381831601 -0.000306017 -0.004055376 0.999598640 -0.028036051
1788505359.227966070 -5.007424909 -0.904031864 1.386802556 -0.000291243 -0.004262331 0.999591778 -0.028249353
1788505359.327946901 -5.031399598 -0.900058177 1.389296326 -0.000341612 -0.003976067 0.999583677 -0.028575285
1788505359.427977085 -5.039864624 -0.894500830 1.379097573 -0.000093006 -0.003796950 0.999603928 -0.027884808
1788505359.528028965 -5.055030268 -0.896046599 1.382447981 -0.000179768 -0.004284410 0.999582753 -0.028564518
1788505359.628076077 -5.078668899 -0.900367194 1.387532949 -0.000426080 -0.004148950 0.999574950 -0.028853506
1788505359.728051901 -5.101309944 -0.899237622 1.380670352 0.000288211 -0.004073414 0.999583821 -0.028557115
1788505359.828073978 -5.116156930 -0.901539443 1.383101788 -0.000112723 -0.004146167 0.999584129 -0.028537079
1788505359.928066969 -5.134320838 -0.901681064 1.386934144 -0.000154409 -0.004472275 0.999569122 -0.029009386
1788505360.028043985 -5.160435472 -0.905162812 1.395964652 -0.000184005 -0.003623638 0.999567949 -0.029167628
1788505360.128015995 -5.175887709 -0.906927199 1.393589096 0.000113407 -0.004633580 0.999538726 -0.030014204
1788505360.227984905 -5.191516031 -0.910818080 1.396191245 -0.000308536 -0.003928814 0.999506977 -0.031149183
1788505360.327990055 -5.214689975 -0.912894865 1.396768562 -0.000466048 -0.004313782 0.999520831 -0.030647702
1788505360.427995920 -5.232099788 -0.914854772 1.391291709 -0.000106613 -0.003518666 0.999511476 -0.031055052
1788505360.528028011 -5.241763573 -0.919143899 1.390658100 0.000035251 -0.004450838 0.999519194 -0.030685001
1788505360.628036022 -5.255620694 -0.926442597 1.385179963 -0.000319215 -0.004049096 0.999508892 -0.031072141
1788505360.728060961 -5.276781314 -0.923085187 1.386650972 -0.000004714 -0.003719661 0.999494173 -0.031584200
1788505360.828074932 -5.296612813 -0.911914016 1.383788841 -0.000522906 -0.003761907 0.999528078 -0.030482722
1788505360.928040028 -5.312580890 -0.909650777 1.383368526 0.000015083 -0.004515882 0.999494770 -0.031461256
1788505361.028013945 -5.329317051 -0.910240569 1.384724300 -0.000091930 -0.003562767 0.999481589 -0.031997684
1788505361.128046036 -5.346486429 -0.911909851 1.381278729 -0.000109809 -0.003866344 0.999489846 -0.031703118
1788505361.227992058 -5.362290061 -0.910513655 1.382414624 -0.000089762 -0.004362677 0.999499503 -0.031332132
1788505361.328005075 -5.386675572 -0.911221458 1.380393402 -0.000328956 -0.003937198 0.999508982 -0.031083531
1788505361.427980900 -5.409086066 -0.915559532 1.379125073 -0.000349291 -0.003135239 0.999481224 -0.032052002
1788505361.528031111 -5.424589387 -0.904402765 1.380234944 -0.000423198 -0.003907012 0.999502806 -0.031284127
1788505361.628034115 -5.451689874 -0.901759270 1.379839368 -0.000186402 -0.004063593 0.999494763 -0.031522563
1788505361.728032112 -5.478696099 -0.906949837 1.364190529 0.000320203 -0.003495020 0.999478362 -0.032104310
1788505361.828094006 -5.497394424 -0.911390569 1.357580102 -0.000235432 -0.003837563 0.999499889 -0.031387724
1788505361.928083897 -5.512086028 -0.911919617 1.358645931 -0.000374219 -0.003812705 0.999507685 -0.031140182
1788505362.028017044 -5.533098730 -0.906059021 1.369820219 -0.000164384 -0.003939889 0.999520717 -0.030704818
1788505362.128032923 -5.543120785 -0.904980136 1.370414130 0.000023790 -0.003584188 0.999527943 -0.030513027
1788505362.227979898 -5.554473567 -0.905767195 1.374535236 0.000173628 -0.004063708 0.999545734 -0.029862699
1788505362.327994108 -5.569118536 -0.908260947 1.378136117 -0.000192924 -0.004249190 0.999542525 -0.029944090
1788505362.427973032 -5.592274164 -0.910142792 1.380561086 -0.000354087 -0.003164606 0.999569514 -0.029165832
1788505362.528012037 -5.607919839 -0.904891431 1.372307274 -0.000000431 -0.004108919 0.999566613 -0.029149661
1788505362.628010988 -5.625033888 -0.910332539 1.364675340 0.000334701 -0.004097925 0.999571740 -0.028972929
1788505362.728025913 -5.645256314 -0.910020830 1.365385060 -0.000448875 -0.003284390 0.999545494 -0.029963580
1788505362.828003883 -5.658448600 -0.896766229 1.347458025 -0.000500601 -0.003197792 0.999589889 -0.028453088
1788505362.927954912 -5.667876318 -0.903154190 1.346487047 0.000928976 -0.004590897 0.999563609 -0.029165941
1788505363.027899981 -5.679493688 -0.914302090 1.343945386 -0.000081850 -0.003267482 0.999543411 -0.030038093
1788505363.127875090 -5.694957251 -0.914653794 1.332331226 -0.000241145 -0.002784288 0.999559426 -0.029548992
1788505363.227894068 -5.712671353 -0.912470231 1.338131689 0.000536547 -0.004124235 0.999552288 -0.029629837
1788505363.327833891 -5.731060669 -0.918132909 1.343215942 0.001195275 -0.004299009 0.999584257 -0.028485124
1788505363.427870989 -5.751034764 -0.923946293 1.341644824 0.000009604 -0.003360097 0.999559949 -0.029472332
1788505363.527879000 -5.777170356 -0.915207760 1.335428228 -0.001570157 -0.002763346 0.999607217 -0.027844410
1788505363.627844095 -5.794791182 -0.913505736 1.331291062 0.000327482 -0.003496893 0.999604133 -0.027914898
1788505363.727852106 -5.812885339 -0.922525087 1.330820918 0.000795313 -0.004158280 0.999601489 -0.027909477
1788505363.827833891 -5.826585645 -0.922853256 1.330086371 -0.000037643 -0.002811791 0.999621132 -0.027380373
1788505363.927813053 -5.847830488 -0.921493930 1.321397493 0.000574721 -0.004311630 0.999632662 -0.026751075
1788505364.027760983 -5.860475239 -0.927476274 1.324076419 0.000649232 -0.003688370 0.999628329 -0.027003301
1788505364.127732038 -5.879141282 -0.927251515 1.317765085 -0.000458929 -0.003045187 0.999630302 -0.027014344
1788505364.227673054 -5.902904415 -0.924743765 1.316530912 0.000233969 -0.002510389 0.999657809 -0.026036652
1788505364.327729940 -5.919948346 -0.922650762 1.309237697 0.000679350 -0.004253436 0.999653011 -0.025986621
1788505364.427658081 -5.937136930 -0.920289943 1.314526386 0.000108569 -0.002664934 0.999640578 -0.026675847
1788505364.527643919 -5.955052525 -0.919161697 1.307570066 0.000438417 -0.003622266 0.999650423 -0.026186245
1788505364.627657890 -5.966059367 -0.919391809 1.308763336 0.000233162 -0.003181267 0.999641714 -0.026575709
1788505364.727613926 -5.984011258 -0.913458767 1.309552619 0.000616306 -0.003713168 0.999664767 -0.025616135
1788505364.827646971 -5.997367930 -0.919047795 1.309049174 0.000647333 -0.003147769 0.999656329 -0.026017245
1788505364.927625895 -6.004833738 -0.920210125 1.303642604 0.001206446 -0.003521937 0.999657217 -0.025915045
1788505365.027689934 -6.016269369 -0.928813754 1.298156801 0.000436770 -0.003696235 0.999651606 -0.026130705
1788505365.127667904 -6.031977282 -0.934627234 1.299016515 0.000447783 -0.003245779 0.999661067 -0.025826662
1788505365.227667093 -6.043398682 -0.941830861 1.297434478 0.000900559 -0.003570957 0.999650687 -0.026171365
1788505365.327671051 -6.052174638 -0.945178789 1.294516391 0.000869363 -0.003193238 0.999652519 -0.026151267
1788505365.427654982 -6.068796401 -0.944091566 1.295642804 0.000026701 -0.003221854 0.999653213 -0.026135651
1788505365.527575016 -6.078410553 -0.952138548 1.293911630 0.000899390 -0.003620030 0.999644554 -0.026397947
1788505365.627485037 -6.083150894 -0.949139562 1.289237841 0.000828703 -0.003141512 0.999642581 -0.026535910
1788505365.727473021 -6.101676537 -0.941635869 1.287953517 0.000311917 -0.003140203 0.999652390 -0.026175204
1788505365.827450037 -6.122612756 -0.936010761 1.292533607 -0.000051457 -0.003087075 0.999644994 -0.026464179
1788505365.927391052 -6.145322060 -0.933524091 1.293570716 0.001151974 -0.003623951 0.999651458 -0.026124757
1788505366.027420998 -6.165589432 -0.929491819 1.297886444 0.000738816 -0.003444687 0.999634570 -0.026801405
1788505366.127435923 -6.190372425 -0.937543390 1.299036042 -0.000085863 -0.003023949 0.999647104 -0.026391583
1788505366.227513075 -6.216188153 -0.938804701 1.300048390 0.001152017 -0.003898969 0.999669042 -0.025402322
1788505366.327466011 -6.231334994 -0.943254296 1.300474338 0.000736734 -0.002988031 0.999656410 -0.026030579
1788505366.427488089 -6.250621081 -0.952387538 1.295166904 0.000780738 -0.003629870 0.999670059 -0.025416303
1788505366.527489901 -6.269855466 -0.957180060 1.296573698 0.000965810 -0.003230398 0.999686731 -0.024800650
1788505366.627451897 -6.278497236 -0.965800979 1.293415017 0.001023715 -0.003578689 0.999669939 -0.025419631
1788505366.727435112 -6.291797357 -0.961111709 1.290945605 0.000432938 -0.003054698 0.999634797 -0.026846878
1788505366.827475071 -6.312242611 -0.962518147 1.295373057 0.000417729 -0.003357753 0.999672977 -0.025347394
1788505366.927473068 -6.341315856 -0.966176481 1.298748790 0.000894982 -0.003380783 0.999709965 -0.023827597
1788505367.027383089 -6.363840162 -0.961749368 1.308540126 0.000617758 -0.003760511 0.999692796 -0.024490615
1788505367.127388000 -6.393037287 -0.951259951 1.307235371 -0.000208933 -0.002883063 0.999696706 -0.024456904
1788505367.227416039 -6.423955032 -0.953306574 1.302707284 0.001751159 -0.003445100 0.999705595 -0.023953890
1788505367.327352047 -6.440692620 -0.954920183 1.299302930 0.001345669 -0.003239384 0.999691992 -0.024568601
1788505367.427320004 -6.459987341 -0.958155694 1.293218690 0.000639473 -0.003077768 0.999659565 -0.025901221
1788505367.527368069 -6.479714943 -0.961698872 1.300220859 0.000592366 -0.003488584 0.999673202 -0.025317360
1788505367.627263069 -6.501144228 -0.967182482 1.306689444 0.000778409 -0.003379024 0.999649459 -0.026247593
1788505367.727283955 -6.522996227 -0.967693151 1.309298967 0.000463881 -0.003071958 0.999619201 -0.027418974
1788505367.827258110 -6.529250984 -0.965976081 1.303159643 0.001313469 -0.003435772 0.999648466 -0.026256693
1788505367.927234888 -6.539183351 -0.967981668 1.309496748 0.000745480 -0.003279420 0.999644029 -0.026467052
1788505368.027157068 -6.562634777 -0.969010249 1.323271652 0.000449714 -0.003450603 0.999634090 -0.026824929
1788505368.127084970 -6.580380911 -0.971671768 1.315658420 0.000760379 -0.003371588 0.999604967 -0.027892015
1788505368.227089882 -6.582574998 -0.973464509 1.307198561 0.002352863 -0.003610363 0.999602033 -0.027878379
1788505368.327070951 -6.594703021 -0.979124125 1.309579078 0.000046887 -0.002959285 0.999588321 -0.028538209
1788505368.427047014 -6.615128709 -0.985894488 1.310128372 0.000191109 -0.003784738 0.999599974 -0.028027342
1788505368.527064085 -6.638364196 -0.995933140 1.322465720 0.000202378 -0.003258053 0.999587088 -0.028548151
1788505368.627090931 -6.672176045 -1.000556194 1.346960222 -0.001356532 -0.003677524 0.999575617 -0.028865573
1788505368.727025032 -6.714165403 -1.006472404 1.349277544 -0.000488078 -0.003905153 0.999613378 -0.027524654
1788505368.827033043 -6.739827888 -1.009036667 1.365625892 -0.001650468 -0.004276122 0.999606990 -0.027656027
1788505368.927129030 -6.772872306 -1.013614264 1.371555432 -0.000915104 -0.004034434 0.999595569 -0.028135098
1788505369.027133942 -6.788439759 -1.013839824 1.362082222 -0.000092804 -0.004230414 0.999635063 -0.026680264
1788505369.127079964 -6.811708854 -1.023083831 1.364094055 -0.002215682 -0.003724091 0.999586252 -0.028434944
1788505369.227140903 -6.836126223 -1.022580733 1.359508774 -0.000711242 -0.004851995 0.999611517 -0.027436624
1788505369.327112913 -6.861834338 -1.022390111 1.361509263 -0.001455155 -0.004198450 0.999628218 -0.026901326
1788505369.427086115 -6.893823832 -1.021556381 1.359061194 -0.001137835 -0.003615333 0.999597327 -0.028121501
1788505369.527070045 -6.908346614 -1.016253999 1.343518285 -0.000837706 -0.003847461 0.999607252 -0.027745928
1788505369.626981974 -6.927986828 -1.019632859 1.340358107 -0.001204903 -0.003250474 0.999603076 -0.027958430
1788505369.727021933 -6.948883360 -1.008002043 1.313828035 -0.001070019 -0.003953526 0.999604435 -0.027824433
1788505369.827009916 -6.971824170 -1.007650221 1.318891417 -0.001086201 -0.003833778 0.999643368 -0.026405650
1788505369.927023888 -6.984808532 -1.009125241 1.315863125 -0.000803101 -0.004326278 0.999633057 -0.026728061
1788505370.027071953 -6.997699952 -1.008133913 1.305580526 -0.000392384 -0.002771661 0.999653468 -0.026174564
1788505370.127075911 -7.012884125 -1.013846784 1.308357684 -0.000676858 -0.004722381 0.999669436 -0.025263820
1788505370.227077961 -7.035125531 -1.012979889 1.323513209 -0.000188701 -0.003815529 0.999652360 -0.026087655
1788505370.327066898 -7.045975704 -1.013899389 1.328617826 -0.000463902 -0.003818852 0.999667485 -0.025497481
1788505370.427009106 -7.060609364 -1.018639941 1.326012732 -0.000050622 -0.004460732 0.999665427 -0.025478087
1788505370.526961088 -7.079343694 -1.008128085 1.313660122 0.001250165 -0.002416255 0.999663668 -0.025790496
1788505370.626923084 -7.097947982 -1.006920162 1.306482875 0.000955868 -0.003459962 0.999658821 -0.025871924
1788505370.726891994 -7.112871501 -1.010166579 1.306771961 0.000756751 -0.003424798 0.999652480 -0.026126953
1788505370.826898098 -7.139484453 -1.005275830 1.303922871 0.000343154 -0.003237007 0.999684301 -0.024913909
1788505370.926954985 -7.170668811 -1.005150362 1.305351537 0.001037681 -0.003870857 0.999677823 -0.025063729
1788505371.026931047 -7.202351306 -1.012665823 1.312018345 0.001012584 -0.003944851 0.999701469 -0.024091202
1788505371.126956940 -7.230225285 -1.001090971 1.316043848 0.000962534 -0.002235176 0.999720853 -0.023500932
1788505371.226922989 -7.253284591 -1.010576737 1.318325963 0.002702637 -0.005807217 0.999694185 -0.023885329
1788505371.326878071 -7.260934111 -1.014596770 1.299811258 0.002905418 -0.007821299 0.999655925 -0.024868015
1788505371.426804066 -7.278684588 -1.001211514 1.310502987 0.005967586 -0.001234443 0.999657242 -0.025460985
1788505371.526835918 -7.297962490 -1.005679653 1.309752693 0.007940946 -0.001232718 0.999672292 -0.024304963
1788505371.626766920 -7.327231996 -1.008688758 1.320200416 0.004031549 0.001403855 0.999703528 -0.023971464
1788505371.726727009 -7.340376069 -1.017211463 1.323959081 0.004817431 0.005392344 0.999686335 -0.023978024
1788505371.826754093 -7.357227200 -1.028498511 1.344957304 0.007211980 0.005156974 0.999671675 -0.024040278
1788505371.926750898 -7.379949383 -1.020801965 1.364648722 0.006188905 0.005467419 0.999702006 -0.022971808
1788505372.026721954 -7.393093351 -1.016552843 1.372654428 0.006561533 0.005666050 0.999708699 -0.022524660
1788505372.126729965 -7.400226207 -1.020134173 1.361033129 0.006541139 0.005272093 0.999706101 -0.022740491
1788505372.226735115 -7.411876364 -1.020911036 1.345167361 0.005420160 0.006760292 0.999716481 -0.022178335
1788505372.326770067 -7.429938002 -1.020034374 1.328657534 0.008197200 0.006249941 0.999736694 -0.020500894
1788505372.426702976 -7.447605151 -1.025725211 1.351548121 0.011623565 0.008552756 0.999626190 -0.023221204
1788505372.526655912 -7.480513814 -1.026498463 1.357878782 0.014057799 0.009142329 0.999620633 -0.021849171
1788505372.626607895 -7.498744619 -1.029637277 1.353348281 0.015336329 0.007929305 0.999650550 -0.020017527
1788505372.726579905 -7.517190302 -1.033303909 1.349621316 0.015194420 0.009126612 0.999617330 -0.021237428
1788505372.826534033 -7.545588443 -1.039941756 1.344836496 0.014120253 0.008816612 0.999642245 -0.020934837
1788505372.926556110 -7.568014766 -1.037187779 1.343093534 0.016095349 0.008516728 0.999673644 -0.017916752
1788505373.026488066 -7.579650000 -1.035556853 1.332893759 0.014242980 0.009666100 0.999647491 -0.020213778
1788505373.126566887 -7.605630690 -1.027092002 1.328501928 0.014035683 0.008483953 0.999683687 -0.019066927
1788505373.226571083 -7.630536431 -1.027695337 1.328079341 0.015008806 0.008579559 0.999710035 -0.016762268
1788505373.326539993 -7.653340967 -1.026048858 1.331780585 0.014000935 0.010483595 0.999664032 -0.019128289
1788505373.426541090 -7.684551510 -1.023490900 1.338576947 0.013917907 0.008152116 0.999724579 -0.017047003
1788505373.526575089 -7.700453724 -1.037556655 1.342382605 0.015714245 0.006572454 0.999683386 -0.018520072
1788505373.626522064 -7.719686703 -1.034343482 1.337680308 0.015438429 0.008441620 0.999652681 -0.019619140
1788505373.726583958 -7.741688300 -1.028775179 1.335602594 0.014998729 0.008766600 0.999701959 -0.017151600
1788505373.826569080 -7.756952018 -1.028715193 1.334332102 0.016692784 0.006924888 0.999705396 -0.016202431
1788505373.926487923 -7.769969781 -1.035836906 1.336780849 0.017131384 0.009066123 0.999573886 -0.021825860
1788505374.026624918 -7.797530298 -1.030531035 1.344681701 0.014282868 0.008280756 0.999707386 -0.017679704
1788505374.126585007 -7.812235545 -1.038920294 1.341746585 0.016567807 0.003337278 0.999666278 -0.019537244
1788505374.226536989 -7.840961440 -1.035756059 1.342102930 0.016824743 0.005322639 0.999624246 -0.020975320
1788505374.326591969 -7.864478561 -1.036291673 1.354189373 0.017397027 0.002754810 0.999661358 -0.019155276
1788505374.426472902 -7.882630707 -1.038867585 1.362262025 0.018632131 0.003634187 0.999589573 -0.021455102
1788505374.526465893 -7.899244983 -1.030210906 1.370890497 0.023243769 0.011169273 0.999405502 -0.022882675
1788505374.626483917 -7.922058018 -1.035569000 1.370175615 0.022818146 0.009203845 0.999491992 -0.020257814
1788505374.726370096 -7.938846743 -1.053627773 1.367979509 0.017858706 0.002964647 0.999584946 -0.022410124
1788505374.826370001 -7.960332298 -1.059963175 1.357885769 0.017900928 0.006104892 0.999538526 -0.023770197
1788505374.926414967 -7.982332055 -1.068568701 1.350014150 0.018306993 0.002718460 0.999599000 -0.021431353
1788505375.026380062 -8.005938221 -1.088057075 1.354120564 0.018522771 0.004102320 0.999545834 -0.023413746
1788505375.126451969 -8.026805102 -1.095391510 1.350815211 0.016973626 0.004740082 0.999548580 -0.024332368
1788505375.226499081 -8.053399086 -1.099852018 1.356229187 0.017305941 0.003954941 0.999589068 -0.022506858
1788505375.326478004 -8.078934582 -1.098456505 1.362337352 0.017172517 0.004177904 0.999545239 -0.024432876
1788505375.426521063 -8.103513701 -1.104538297 1.365843134 0.017084159 0.003737804 0.999555833 -0.024130815
1788505375.526571989 -8.124379245 -1.107293730 1.372882623 0.017090158 0.004143246 0.999558320 -0.023956741
1788505375.626583099 -8.144461600 -1.098489475 1.384259094 0.016220914 0.003990946 0.999561489 -0.024449642
1788505375.726628065 -8.173640260 -1.090950982 1.403157399 0.016523591 0.004140816 0.999566718 -0.024004185
1788505375.826634884 -8.194681633 -1.094576295 1.414466129 0.016486542 0.003742641 0.999544418 -0.025002859
1788505375.926646948 -8.227497983 -1.091354303 1.425110127 0.016159057 0.002789272 0.999524121 -0.026127311
1788505376.026643991 -8.260050129 -1.101730653 1.448232375 0.016215722 0.003600680 0.999538267 -0.025442824
1788505376.126610994 -8.278768551 -1.104308183 1.450294120 0.016285873 0.002930317 0.999531495 -0.025748273
1788505376.226567030 -8.309280476 -1.116998298 1.460408195 0.014812885 0.005609406 0.999542334 -0.025772764
1788505376.326565981 -8.336884850 -1.116508193 1.469984730 0.015973746 0.003600290 0.999557029 -0.024852022
1788505376.426563978 -8.345992214 -1.110108906 1.459563011 0.017478015 0.002157909 0.999546251 -0.024436756
1788505376.526508093 -8.370901356 -1.113580186 1.461965268 0.015331735 0.003413358 0.999566898 -0.024885792
1788505376.626503944 -8.397746875 -1.117631601 1.474607234 0.014891061 0.002690501 0.999610711 -0.023440234
1788505376.726515055 -8.418998730 -1.118726848 1.477109369 0.016402596 0.003980898 0.999560468 -0.024371684
1788505376.826452971 -8.442899487 -1.112432952 1.473321352 0.015887185 0.003526360 0.999547403 -0.025301214
1788505376.926492929 -8.453685379 -1.103310225 1.463076585 0.016158341 0.003851462 0.999540391 -0.025359036
1788505377.026498079 -8.477265453 -1.110507432 1.459024187 0.015774790 0.004757363 0.999530871 -0.025817858
1788505377.126547098 -8.510913636 -1.116559199 1.465259737 0.014280796 0.005284328 0.999547652 -0.025935051
1788505377.226592064 -8.546987057 -1.128001179 1.470835720 0.016400527 0.002744865 0.999527943 -0.025833684
1788505377.326630116 -8.582423843 -1.138830763 1.497350449 0.013997929 0.004644186 0.999551231 -0.026073473
1788505377.426662922 -8.611056911 -1.142220848 1.526958680 0.014314317 0.005113856 0.999585067 -0.024467195
1788505377.526720047 -8.628929881 -1.146301857 1.519470026 0.014361377 0.004396620 0.999568139 -0.025257808
1788505377.626756907 -8.650715569 -1.142511114 1.530140636 0.013062777 0.005349357 0.999548500 -0.026524418
1788505377.726814985 -8.669831687 -1.143201709 1.544597575 0.013038205 0.005259595 0.999562439 -0.026024458
1788505377.826781034 -8.692057268 -1.154643872 1.542915464 0.013181970 0.004564067 0.999504237 -0.028225627
1788505377.926800966 -8.721577379 -1.162743912 1.551798203 0.012824422 0.005180422 0.999504504 -0.028274434
1788505378.026794910 -8.735994659 -1.152574805 1.537333125 0.015527458 0.000263164 0.999499386 -0.027564580
1788505378.126754045 -8.755421907 -1.149912515 1.538614588 0.014263032 -0.000207692 0.999490220 -0.028562624
1788505378.226799011 -8.779494477 -1.154193395 1.551085097 0.012994503 0.003791949 0.999534377 -0.027345809
1788505378.326817036 -8.802334150 -1.162920701 1.561849010 0.013289827 0.001810533 0.999546542 -0.026959460
1788505378.426846981 -8.831771755 -1.173044543 1.556556434 0.006416445 0.003724081 0.999616598 -0.026676158
1788505378.526933908 -8.847666302 -1.184457320 1.536374549 0.007343646 0.001370498 0.999614178 -0.026752348
1788505378.626909971 -8.872183667 -1.183455452 1.539501849 0.006146744 0.003104101 0.999608721 -0.027110646
1788505378.726982117 -8.901435178 -1.186115458 1.574227787 0.002327818 0.007227673 0.999634448 -0.025948278
1788505378.827018023 -8.924367182 -1.181440983 1.577354262 0.004358728 0.005904628 0.999652822 -0.025305595
1788505378.927015066 -8.945483680 -1.173945035 1.579372940 0.003466868 0.006718347 0.999614319 -0.026721867
1788505379.027040958 -8.968477341 -1.168177392 1.568068390 0.004401924 0.006397608 0.999647978 -0.025369558
1788505379.126985073 -8.990486350 -1.161446786 1.559269327 0.004248801 0.005365854 0.999644450 -0.025770700
1788505379.227003098 -9.018470623 -1.162198329 1.547459765 0.004114237 0.005759197 0.999627342 -0.026364390
1788505379.326977015 -9.045250643 -1.160213902 1.551952030 0.003479374 0.007025249 0.999660455 -0.024849853
1788505379.426966906 -9.072688667 -1.158297899 1.550548470 0.003763485 0.005878779 0.999657924 -0.025205384
1788505379.526973963 -9.098124579 -1.158183124 1.550188881 0.004872572 0.006022445 0.999659235 -0.024927930
1788505379.626950026 -9.111835911 -1.162433456 1.542826478 0.004923471 0.004643221 0.999675368 -0.024563338
1788505379.726893902 -9.140182552 -1.152497794 1.533789950 0.004442053 0.005467252 0.999648504 -0.025558660
1788505379.826915026 -9.159070848 -1.154939851 1.534687059 0.004875379 0.005154449 0.999684032 -0.024114277
1788505379.926848888 -9.189536521 -1.152552992 1.530112921 0.004550941 0.005526685 0.999653842 -0.025316819
1788505380.026859999 -9.218520269 -1.162326276 1.541904880 0.004406829 0.004938997 0.999651474 -0.025556143
1788505380.126807928 -9.243971642 -1.174764342 1.545522070 0.005275093 0.004681218 0.999681237 -0.024242206
1788505380.226737976 -9.263864400 -1.181758792 1.551406180 0.005051073 0.004485731 0.999653004 -0.025460493
1788505380.326776981 -9.286710851 -1.186204561 1.539072124 0.005174653 0.004050158 0.999673179 -0.024705334
1788505380.426772118 -9.307997387 -1.193001180 1.521286497 0.005851261 0.003513237 0.999677474 -0.024461567
1788505380.526784897 -9.331772928 -1.191222909 1.516927726 0.005241108 0.004557274 0.999683415 -0.024183293
1788505380.626804113 -9.346996933 -1.185366810 1.519758910 0.005743919 0.003706617 0.999677558 -0.024455042
1788505380.726818085 -9.364315408 -1.183194162 1.522036862 0.005063202 0.004393607 0.999639031 -0.026016699
1788505380.826765060 -9.386453350 -1.183801865 1.521771178 0.005190296 0.004779112 0.999665981 -0.024862557
1788505380.926805973 -9.408251415 -1.184634486 1.526573065 0.005298480 0.004176042 0.999663581 -0.025044174
1788505381.026748896 -9.427275176 -1.177020773 1.539208408 0.005027604 0.004192452 0.999639431 -0.026041416
1788505381.126715899 -9.459123344 -1.174325377 1.529509225 0.005707842 0.003756256 0.999681521 -0.024293380
1788505381.226646900 -9.472558127 -1.177093665 1.537115168 0.005733260 0.003505098 0.999657783 -0.025281649
1788505381.326651096 -9.496315517 -1.168817443 1.542271160 0.004946041 0.004184000 0.999645241 -0.025834541
1788505381.426625013 -9.517802786 -1.165326520 1.523410529 0.006588584 0.002790663 0.999664536 -0.024892139
1788505381.526663065 -9.534217729 -1.174094988 1.529425841 0.004899492 0.004553759 0.999638178 -0.026053228
1788505381.626682043 -9.560776513 -1.172679709 1.530334794 0.005237300 0.004246510 0.999652049 -0.025501362
1788505381.726654053 -9.574691825 -1.170992550 1.525484503 0.005727687 0.003807759 0.999641836 -0.025863009
1788505381.826714039 -9.595924029 -1.174196088 1.519145779 0.005536036 0.003911287 0.999633252 -0.026218611
1788505381.926701069 -9.617427299 -1.171043442 1.518737180 0.005444314 0.004106528 0.999625029 -0.026519771
1788505382.026787996 -9.631515240 -1.169263901 1.510935085 0.005931436 0.003768995 0.999627765 -0.026361789
1788505382.126750946 -9.648519583 -1.172084225 1.503420561 0.005701092 0.004412950 0.999618293 -0.026670057
1788505382.226866961 -9.678686023 -1.170529267 1.513814927 0.005144777 0.003915560 0.999632342 -0.026332128
1788505382.326865911 -9.701851712 -1.169459604 1.512231956 0.005955895 0.004105193 0.999621770 -0.026532856
1788505382.426821947 -9.720728553 -1.165903359 1.507148058 0.005429589 0.004085746 0.999619036 -0.026750877
